timestamp,temperature_T-01_C
0.0,24.97
1.0,24.99
2.0,25.02
3.0,25.02
4.0,25.01
5.0,25.01
6.0,24.97
7.0,24.99
8.0,24.99
9.0,24.98
10.0,25.03
11.0,25.02
12.0,25.02
13.0,25.02
14.0,25.01
15.0,25.0
16.0,25.0
17.0,25.01
18.01,25.03
19.01,25.0
20.01,24.97
21.01,25.01
22.01,25.02
23.01,25.04
24.01,24.97
25.01,25.0
26.01,25.03
27.01,24.97
28.01,25.01
29.01,25.0
30.01,24.99
31.01,24.99
32.01,25.02
33.01,24.99
34.01,25.0
35.01,25.02
36.01,25.0
37.01,25.02
38.01,25.02
39.01,25.03
40.01,25.05
41.01,25.02
42.01,25.03
43.01,25.01
44.01,25.07
45.01,25.03
46.01,25.02
47.01,25.03
48.01,25.02
49.01,25.04
50.01,25.0
51.01,25.04
52.01,25.01
53.01,25.01
54.02,25.01
55.02,25.03
56.02,25.02
57.02,25.07
58.02,25.05
59.02,25.03
60.02,25.04
61.02,25.04
62.02,25.0
63.02,25.08
64.02,25.01
65.02,25.03
66.02,25.02
67.02,25.06
68.02,25.07
69.02,25.05
70.02,25.04
71.02,25.04
72.02,25.07
73.02,25.07
74.02,25.05
75.02,25.05
76.02,25.04
77.02,25.03
78.02,25.07
79.02,25.05
80.02,25.07
81.02,25.04
82.02,25.03
83.02,25.04
84.02,25.04
85.02,25.07
86.02,25.06
87.02,25.01
88.02,25.02
89.02,25.03
90.03,25.06
91.03,25.03
92.03,25.06
93.03,25.03
94.03,25.04
95.03,25.03
96.03,25.05
97.03,25.08
98.03,25.03
99.03,25.04
100.03,25.02
101.03,25.08
102.03,25.06
103.03,25.07
104.03,25.09
105.03,25.04
106.03,25.02
107.03,25.06
108.03,25.05
109.03,25.03
110.03,25.04
111.03,25.04
112.03,25.05
113.03,25.06
114.03,25.04
115.03,25.03
116.03,25.06
117.03,25.02
118.03,25.06
119.03,25.06
120.03,25.04
121.03,25.09
122.03,25.06
123.03,25.05
124.03,25.04
125.03,25.08
126.04,25.08
127.04,25.07
128.04,25.06
129.04,25.05
130.04,25.07
131.04,25.06
132.04,25.07
133.04,25.08
134.04,25.07
135.04,25.13
136.04,25.06
137.04,25.05
138.04,25.05
139.04,25.04
140.04,25.11
141.04,25.06
142.04,25.06
143.04,25.08
144.04,25.07
145.04,25.07
146.04,25.07
147.04,25.05
148.04,25.05
149.04,25.07
150.04,25.08
151.04,25.08
152.04,25.04
153.04,25.07
154.04,25.1
155.04,25.1
156.04,25.09
157.04,25.09
158.04,25.04
159.04,25.1
160.04,25.07
161.04,25.07
162.05,25.09
163.05,25.07
164.05,25.08
165.05,25.08
166.05,25.09
167.05,25.09
168.05,25.13
169.05,25.09
170.05,25.08
171.05,25.08
172.05,25.06
173.05,25.1
174.05,25.09
175.05,25.11
176.05,25.09
177.05,25.08
178.05,25.07
179.05,25.12
180.05,25.09
181.05,25.09
182.05,25.06
183.05,25.1
184.05,25.06
185.05,25.06
186.05,25.09
187.05,25.09
188.05,25.12
189.05,25.11
190.05,25.11
191.05,25.07
192.05,25.08
193.05,25.12
194.05,25.09
195.05,25.1
196.05,25.1
197.05,25.1
198.06,25.11
199.06,25.08
200.06,25.09
201.06,25.1
202.06,25.06
203.06,25.12
204.06,25.09
205.06,25.08
206.06,25.11
207.06,25.1
208.06,25.12
209.06,25.12
210.06,25.09
211.06,25.12
212.06,25.1
213.06,25.08
214.06,25.1
215.06,25.12
216.06,25.11
217.06,25.11
218.06,25.1
219.06,25.11
220.06,25.08
221.06,25.13
222.06,25.14
223.06,25.11
224.06,25.09
225.06,25.1
226.06,25.12
227.06,25.08
228.06,25.15
229.06,25.14
230.06,25.12
231.06,25.11
232.06,25.13
233.06,25.12
234.07,25.12
235.07,25.11
236.07,25.12
237.07,25.1
238.07,25.11
239.07,25.11
240.07,25.12
241.07,25.11
242.07,25.12
243.07,25.08
244.07,25.06
245.07,25.15
246.07,25.14
247.07,25.12
248.07,25.12
249.07,25.12
250.07,25.1
251.07,25.13
252.07,25.13
253.07,25.1
254.07,25.13
255.07,25.13
256.07,25.11
257.07,25.11
258.07,25.12
259.07,25.13
260.07,25.12
261.07,25.18
262.07,25.14
263.07,25.14
264.07,25.1
265.07,25.12
266.07,25.14
267.07,25.08
268.07,25.15
269.07,25.16
270.08,25.12
271.08,25.13
272.08,25.17
273.08,25.14
274.08,25.15
275.08,25.12
276.08,25.13
277.08,25.14
278.08,25.17
279.08,25.16
280.08,25.14
281.08,25.13
282.08,25.14
283.08,25.13
284.08,25.17
285.08,25.14
286.08,25.14
287.08,25.15
288.08,25.15
289.08,25.16
290.08,25.14
291.08,25.18
292.08,25.16
293.08,25.07
294.08,25.14
295.08,25.18
296.08,25.14
297.08,25.16
298.08,25.15
299.08,25.12
300.08,25.18
301.08,25.17
302.08,25.17
303.08,25.16
304.08,25.16
305.08,25.15
306.09,25.14
307.09,25.18
308.09,25.17
309.09,25.18
310.09,25.15
311.09,25.15
312.09,25.15
313.09,25.19
314.09,25.16
315.09,25.15
316.09,25.16
317.09,25.15
318.09,25.15
319.09,25.15
320.09,25.15
321.09,25.19
322.09,25.15
323.09,25.17
324.09,25.16
325.09,25.16
326.09,25.17
327.09,25.15
328.09,25.16
329.09,25.17
330.09,25.11
331.09,25.17
332.09,25.19
333.09,25.18
334.09,25.16
335.09,25.17
336.09,25.14
337.09,25.2
338.09,25.13
339.09,25.17
340.09,25.17
341.09,25.18
342.1,25.14
343.1,25.17
344.1,25.14
345.1,25.16
346.1,25.15
347.1,25.2
348.1,25.15
349.1,25.16
350.1,25.18
351.1,25.18
352.1,25.22
353.1,25.2
354.1,25.18
355.1,25.15
356.1,25.18
357.1,25.16
358.1,25.19
359.1,25.17
360.1,25.18
361.1,25.2
362.1,25.2
363.1,25.19
364.1,25.16
365.1,25.19
366.1,25.18
367.1,25.18
368.1,25.2
369.1,25.2
370.1,25.17
371.1,25.17
372.1,25.2
373.1,25.18
374.1,25.17
375.1,25.17
376.1,25.21
377.1,25.19
378.11,25.22
379.11,25.19
380.11,25.21
381.11,25.19
382.11,25.19
383.11,25.24
384.11,25.2
385.11,25.14
386.11,25.17
387.11,25.17
388.11,25.18
389.11,25.21
390.11,25.23
391.11,25.23
392.11,25.17
393.11,25.22
394.11,25.19
395.11,25.22
396.11,25.21
397.11,25.2
398.11,25.19
399.11,25.2
400.11,25.2
401.11,25.23
402.11,25.17
403.11,25.21
404.11,25.22
405.11,25.18
406.11,25.22
407.11,25.23
408.11,25.23
409.11,25.18
410.11,25.17
411.11,25.19
412.11,25.22
413.11,25.21
414.12,25.18
415.12,25.26
416.12,25.23
417.12,25.22
418.12,25.22
419.12,25.21
420.12,25.19
421.12,25.23
422.12,25.22
423.12,25.23
424.12,25.18
425.12,25.19
426.12,25.21
427.12,25.23
428.12,25.18
429.12,25.23
430.12,25.2
431.12,25.21
432.12,25.25
433.12,25.23
434.12,25.21
435.12,25.23
436.12,25.22
437.12,25.21
438.12,25.2
439.12,25.21
440.12,25.22
441.12,25.2
442.12,25.25
443.12,25.18
444.12,25.17
445.12,25.23
446.12,25.21
447.12,25.23
448.12,25.23
449.12,25.23
450.13,25.22
451.13,25.21
452.13,25.23
453.13,25.22
454.13,25.23
455.13,25.22
456.13,25.22
457.13,25.27
458.13,25.24
459.13,25.21
460.13,25.23
461.13,25.25
462.13,25.23
463.13,25.21
464.13,25.24
465.13,25.24
466.13,25.25
467.13,25.21
468.13,25.28
469.13,25.23
470.13,25.22
471.13,25.21
472.13,25.24
473.13,25.24
474.13,25.23
475.13,25.19
476.13,25.22
477.13,25.24
478.13,25.28
479.13,25.25
480.13,25.22
481.13,25.25
482.13,25.26
483.13,25.24
484.13,25.26
485.13,25.27
486.14,25.23
487.14,25.27
488.14,25.25
489.14,25.23
490.14,25.21
491.14,25.25
492.14,25.23
493.14,25.22
494.14,25.25
495.14,25.26
496.14,25.24
497.14,25.24
498.14,25.24
499.14,25.24
500.14,25.25
501.14,25.23
502.14,25.32
503.14,25.24
504.14,25.23
505.14,25.26
506.14,25.27
507.14,25.27
508.14,25.23
509.14,25.28
510.14,25.26
511.14,25.27
512.14,25.26
513.14,25.22
514.14,25.24
515.14,25.23
516.14,25.29
517.14,25.26
518.14,25.28
519.14,25.28
520.14,25.28
521.14,25.28
522.15,25.26
523.15,25.27
524.15,25.28
525.15,25.28
526.15,25.28
527.15,25.27
528.15,25.25
529.15,25.27
530.15,25.29
531.15,25.24
532.15,25.3
533.15,25.3
534.15,25.28
535.15,25.27
536.15,25.23
537.15,25.26
538.15,25.26
539.15,25.25
540.15,25.25
541.15,25.29
542.15,25.25
543.15,25.26
544.15,25.23
545.15,25.28
546.15,25.28
547.15,25.25
548.15,25.28
549.15,25.27
550.15,25.26
551.15,25.26
552.15,25.27
553.15,25.3
554.15,25.29
555.15,25.28
556.15,25.24
557.15,25.28
558.16,25.27
559.16,25.34
560.16,25.26
561.16,25.29
562.16,25.29
563.16,25.26
564.16,25.29
565.16,25.29
566.16,25.31
567.16,25.28
568.16,25.27
569.16,25.27
570.16,25.28
571.16,25.28
572.16,25.29
573.16,25.29
574.16,25.27
575.16,25.29
576.16,25.28
577.16,25.33
578.16,25.31
579.16,25.28
580.16,25.31
581.16,25.26
582.16,25.33
583.16,25.34
584.16,25.29
585.16,25.26
586.16,25.31
587.16,25.29
588.16,25.25
589.16,25.32
590.16,25.3
591.16,25.29
592.16,25.31
593.16,25.3
594.17,25.36
595.17,25.29
596.17,25.27
597.17,25.29
598.17,25.29
599.17,25.31
600.17,25.29
601.17,25.33
602.17,25.33
603.17,25.33
604.17,25.28
605.17,25.33
606.17,25.31
607.17,25.33
608.17,25.3
609.17,25.31
610.17,25.3
611.17,25.3
612.17,25.31
613.17,25.33
614.17,25.32
615.17,25.31
616.17,25.31
617.17,25.31
618.17,25.29
619.17,25.32
620.17,25.31
621.17,25.34
622.17,25.34
623.17,25.32
624.17,25.28
625.17,25.33
626.17,25.3
627.17,25.32
628.17,25.33
629.17,25.28
630.18,25.33
631.18,25.32
632.18,25.31
633.18,25.32
634.18,25.33
635.18,25.31
636.18,25.36
637.18,25.31
638.18,25.3
639.18,25.33
640.18,25.32
641.18,25.38
642.18,25.34
643.18,25.35
644.18,25.34
645.18,25.29
646.18,25.34
647.18,25.32
648.18,25.31
649.18,25.33
650.18,25.34
651.18,25.36
652.18,25.33
653.18,25.34
654.18,25.36
655.18,25.34
656.18,25.33
657.18,25.29
658.18,25.34
659.18,25.34
660.18,25.34
661.18,25.37
662.18,25.33
663.18,25.37
664.18,25.32
665.18,25.35
666.19,25.32
667.19,25.35
668.19,25.36
669.19,25.33
670.19,25.28
671.19,25.32
672.19,25.33
673.19,25.32
674.19,25.32
675.19,25.33
676.19,25.32
677.19,25.35
678.19,25.34
679.19,25.38
680.19,25.31
681.19,25.33
682.19,25.37
683.19,25.32
684.19,25.34
685.19,25.35
686.19,25.32
687.19,25.38
688.19,25.37
689.19,25.37
690.19,25.37
691.19,25.39
692.19,25.35
693.19,25.36
694.19,25.37
695.19,25.35
696.19,25.35
697.19,25.33
698.19,25.33
699.19,25.38
700.19,25.36
701.19,25.36
702.2,25.35
703.2,25.35
704.2,25.35
705.2,25.34
706.2,25.37
707.2,25.36
708.2,25.36
709.2,25.36
710.2,25.36
711.2,25.39
712.2,25.42
713.2,25.31
714.2,25.38
715.2,25.35
716.2,25.36
717.2,25.36
718.2,25.36
719.2,25.34
720.2,25.31
721.2,25.33
722.2,25.36
723.2,25.34
724.2,25.4
725.2,25.32
726.2,25.37
727.2,25.38
728.2,25.34
729.2,25.36
730.2,25.37
731.2,25.36
732.2,25.37
733.2,25.35
734.2,25.39
735.2,25.37
736.2,25.34
737.2,25.36
738.21,25.38
739.21,25.38
740.21,25.38
741.21,25.38
742.21,25.36
743.21,25.38
744.21,25.34
745.21,25.34
746.21,25.39
747.21,25.35
748.21,25.42
749.21,25.37
750.21,25.4
751.21,25.38
752.21,25.38
753.21,25.38
754.21,25.45
755.21,25.38
756.21,25.38
757.21,25.34
758.21,25.38
759.21,25.43
760.21,25.41
761.21,25.41
762.21,25.35
763.21,25.41
764.21,25.39
765.21,25.39
766.21,25.35
767.21,25.37
768.21,25.38
769.21,25.36
770.21,25.38
771.21,25.4
772.21,25.39
773.21,25.4
774.22,25.41
775.22,25.42
776.22,25.39
777.22,25.38
778.22,25.4
779.22,25.38
780.22,25.4
781.22,25.38
782.22,25.4
783.22,25.39
784.22,25.37
785.22,25.42
786.22,25.43
787.22,25.38
788.22,25.39
789.22,25.39
790.22,25.38
791.22,25.37
792.22,25.37
793.22,25.35
794.22,25.38
795.22,25.38
796.22,25.4
797.22,25.37
798.22,25.4
799.22,25.38
800.22,25.35
801.22,25.41
802.22,25.41
803.22,25.4
804.22,25.43
805.22,25.44
806.22,25.36
807.22,25.4
808.22,25.37
809.22,25.43
810.23,25.43
811.23,25.38
812.23,25.42
813.23,25.4
814.23,25.42
815.23,25.43
816.23,25.4
817.23,25.43
818.23,25.41
819.23,25.4
820.23,25.43
821.23,25.42
822.23,25.43
823.23,25.39
824.23,25.39
825.23,25.41
826.23,25.36
827.23,25.43
828.23,25.38
829.23,25.43
830.23,25.42
831.23,25.47
832.23,25.39
833.23,25.43
834.23,25.43
835.23,25.4
836.23,25.43
837.23,25.4
838.23,25.43
839.23,25.42
840.23,25.44
841.23,25.4
842.23,25.42
843.23,25.37
844.23,25.41
845.23,25.39
846.24,25.42
847.24,25.41
848.24,25.44
849.24,25.44
850.24,25.42
851.24,25.43
852.24,25.44
853.24,25.44
854.24,25.43
855.24,25.45
856.24,25.4
857.24,25.41
858.24,25.44
859.24,25.48
860.24,25.44
861.24,25.43
862.24,25.42
863.24,25.44
864.24,25.45
865.24,25.45
866.24,25.42
867.24,25.4
868.24,25.42
869.24,25.44
870.24,25.41
871.24,25.44
872.24,25.42
873.24,25.43
874.24,25.45
875.24,25.42
876.24,25.45
877.24,25.43
878.24,25.44
879.24,25.45
880.24,25.42
881.24,25.43
882.25,25.43
883.25,25.43
884.25,25.47
885.25,25.45
886.25,25.44
887.25,25.43
888.25,25.42
889.25,25.43
890.25,25.43
891.25,25.48
892.25,25.42
893.25,25.47
894.25,25.45
895.25,25.43
896.25,25.45
897.25,25.43
898.25,25.46
899.25,25.44
900.25,25.43
901.25,25.43
902.25,25.45
903.25,25.45
904.25,25.46
905.25,25.47
906.25,25.48
907.25,25.48
908.25,25.46
909.25,25.47
910.25,25.46
911.25,25.44
912.25,25.48
913.25,25.49
914.25,25.44
915.25,25.47
916.25,25.47
917.25,25.46
918.26,25.47
919.26,25.43
920.26,25.44
921.26,25.46
922.26,25.46
923.26,25.47
924.26,25.49
925.26,25.45
926.26,25.47
927.26,25.46
928.26,25.47
929.26,25.48
930.26,25.47
931.26,25.48
932.26,25.46
933.26,25.46
934.26,25.49
935.26,25.47
936.26,25.46
937.26,25.45
938.26,25.5
939.26,25.47
940.26,25.47
941.26,25.47
942.26,25.5
943.26,25.48
944.26,25.48
945.26,25.47
946.26,25.45
947.26,25.44
948.26,25.44
949.26,25.48
950.26,25.49
951.26,25.48
952.26,25.47
953.26,25.49
954.27,25.52
955.27,25.49
956.27,25.49
957.27,25.46
958.27,25.48
959.27,25.48
960.27,25.49
961.27,25.49
962.27,25.46
963.27,25.5
964.27,25.5
965.27,25.45
966.27,25.49
967.27,25.5
968.27,25.5
969.27,25.5
970.27,25.51
971.27,25.51
972.27,25.5
973.27,25.49
974.27,25.51
975.27,25.55
976.27,25.51
977.27,25.47
978.27,25.46
979.27,25.46
980.27,25.51
981.27,25.51
982.27,25.49
983.27,25.5
984.27,25.52
985.27,25.53
986.27,25.5
987.27,25.51
988.27,25.49
989.27,25.49
990.28,25.46
991.28,25.49
992.28,25.49
993.28,25.55
994.28,25.48
995.28,25.47
996.28,25.49
997.28,25.51
998.28,25.48
999.28,25.46
1000.28,25.51
1001.28,25.52
1002.28,25.47
1003.28,25.47
1004.28,25.53
1005.28,25.51
1006.28,25.49
1007.28,25.46
1008.28,25.52
1009.28,25.5
1010.28,25.5
1011.28,25.49
1012.28,25.51
1013.28,25.49
1014.28,25.48
1015.28,25.53
1016.28,25.52
1017.28,25.49
1018.28,25.52
1019.28,25.51
1020.28,25.51
1021.28,25.49
1022.28,25.51
1023.28,25.51
1024.28,25.49
1025.28,25.5
1026.29,25.49
1027.29,25.5
1028.29,25.49
1029.29,25.49
1030.29,25.53
1031.29,25.5
1032.29,25.53
1033.29,25.51
1034.29,25.54
1035.29,25.5
1036.29,25.55
1037.29,25.52
1038.29,25.54
1039.29,25.53
1040.29,25.51
1041.29,25.51
1042.29,25.52
1043.29,25.51
1044.29,25.52
1045.29,25.53
1046.29,25.53
1047.29,25.51
1048.29,25.53
1049.29,25.5
1050.29,25.54
1051.29,25.52
1052.29,25.5
1053.29,25.55
1054.29,25.54
1055.29,25.5
1056.29,25.54
1057.29,25.52
1058.29,25.53
1059.29,25.54
1060.29,25.51
1061.29,25.51
1062.3,25.53
1063.3,25.52
1064.3,25.56
1065.3,25.57
1066.3,25.56
1067.3,25.53
1068.3,25.53
1069.3,25.54
1070.3,25.54
1071.3,25.53
1072.3,25.55
1073.3,25.51
1074.3,25.54
1075.3,25.51
1076.3,25.52
1077.3,25.57
1078.3,25.54
1079.3,25.5
1080.3,25.59
1081.3,25.52
1082.3,25.53
1083.3,25.55
1084.3,25.57
1085.3,25.52
1086.3,25.59
1087.3,25.53
1088.3,25.55
1089.3,25.59
1090.3,25.51
1091.3,25.54
1092.3,25.53
1093.3,25.54
1094.3,25.54
1095.3,25.53
1096.3,25.54
1097.3,25.52
1098.31,25.55
1099.31,25.55
1100.31,25.52
1101.31,25.55
1102.31,25.56
1103.31,25.57
1104.31,25.55
1105.31,25.54
1106.31,25.53
1107.31,25.57
1108.31,25.54
1109.31,25.56
1110.31,25.56
1111.31,25.56
1112.31,25.53
1113.31,25.55
1114.31,25.57
1115.31,25.55
1116.31,25.54
1117.31,25.58
1118.31,25.59
1119.31,25.57
1120.31,25.55
1121.31,25.54
1122.31,25.58
1123.31,25.55
1124.31,25.57
1125.31,25.54
1126.31,25.59
1127.31,25.62
1128.31,25.58
1129.31,25.58
1130.31,25.56
1131.31,25.56
1132.31,25.54
1133.31,25.54
1134.32,25.54
1135.32,25.6
1136.32,25.56
1137.32,25.57
1138.32,25.56
1139.32,25.56
1140.32,25.55
1141.32,25.57
1142.32,25.57
1143.32,25.57
1144.32,25.6
1145.32,25.57
1146.32,25.57
1147.32,25.57
1148.32,25.57
1149.32,25.55
1150.32,25.59
1151.32,25.58
1152.32,25.56
1153.32,25.56
1154.32,25.55
1155.32,25.58
1156.32,25.55
1157.32,25.56
1158.32,25.6
1159.32,25.58
1160.32,25.6
1161.32,25.56
1162.32,25.6
1163.32,25.58
1164.32,25.59
1165.32,25.56
1166.32,25.61
1167.32,25.57
1168.32,25.57
1169.32,25.6
1170.33,25.6
1171.33,25.58
1172.33,25.6
1173.33,25.62
1174.33,25.61
1175.33,25.58
1176.33,25.57
1177.33,25.58
1178.33,25.58
1179.33,25.63
1180.33,25.62
1181.33,25.55
1182.33,25.57
1183.33,25.6
1184.33,25.58
1185.33,25.58
1186.33,25.55
1187.33,25.61
1188.33,25.55
1189.33,25.6
1190.33,25.6
1191.33,25.61
1192.33,25.59
1193.33,25.58
1194.33,25.58
1195.33,25.61
1196.33,25.61
1197.33,25.59
1198.33,25.61
1199.33,25.6
1200.33,25.59
1201.33,25.61
1202.33,25.57
1203.33,25.6
1204.33,25.65
1205.33,25.64
1206.34,25.6
1207.34,25.62
1208.34,25.61
1209.34,25.56
1210.34,25.61
1211.34,25.58
1212.34,25.63
1213.34,25.6
1214.34,25.59
1215.34,25.6
1216.34,25.61
1217.34,25.58
1218.34,25.64
1219.34,25.6
1220.34,25.61
1221.34,25.6
1222.34,25.63
1223.34,25.61
1224.34,25.62
1225.34,25.61
1226.34,25.58
1227.34,25.63
1228.34,25.61
1229.34,25.61
1230.34,25.62
1231.34,25.61
1232.34,25.61
1233.34,25.6
1234.34,25.61
1235.34,25.63
1236.34,25.63
1237.34,25.6
1238.34,25.6
1239.34,25.63
1240.34,25.6
1241.34,25.64
1242.35,25.61
1243.35,25.62
1244.35,25.59
1245.35,25.63
1246.35,25.59
1247.35,25.63
1248.35,25.62
1249.35,25.63
1250.35,25.64
1251.35,25.65
1252.35,25.61
1253.35,25.63
1254.35,25.59
1255.35,25.65
1256.35,25.64
1257.35,25.66
1258.35,25.62
1259.35,25.6
1260.35,25.64
1261.35,25.63
1262.35,25.61
1263.35,25.62
1264.35,25.64
1265.35,25.64
1266.35,25.66
1267.35,25.62
1268.35,25.65
1269.35,25.64
1270.35,25.63
1271.35,25.65
1272.35,25.62
1273.35,25.66
1274.35,25.68
1275.35,25.62
1276.35,25.68
1277.35,25.66
1278.36,25.66
1279.36,25.64
1280.36,25.63
1281.36,25.65
1282.36,25.62
1283.36,25.65
1284.36,25.67
1285.36,25.64
1286.36,25.67
1287.36,25.62
1288.36,25.66
1289.36,25.63
1290.36,25.67
1291.36,25.63
1292.36,25.67
1293.36,25.63
1294.36,25.66
1295.36,25.66
1296.36,25.64
1297.36,25.65
1298.36,25.66
1299.36,25.67
1300.36,25.64
1301.36,25.62
1302.36,25.68
1303.36,25.7
1304.36,25.63
1305.36,25.65
1306.36,25.65
1307.36,25.66
1308.36,25.66
1309.36,25.65
1310.36,25.69
1311.36,25.64
1312.36,25.6
1313.36,25.67
1314.37,25.65
1315.37,25.68
1316.37,25.67
1317.37,25.66
1318.37,25.66
1319.37,25.66
1320.37,25.65
1321.37,25.66
1322.37,25.66
1323.37,25.67
1324.37,25.62
1325.37,25.67
1326.37,25.68
1327.37,25.67
1328.37,25.67
1329.37,25.7
1330.37,25.64
1331.37,25.71
1332.37,25.65
1333.37,25.68
1334.37,25.66
1335.37,25.64
1336.37,25.65
1337.37,25.61
1338.37,25.63
1339.37,25.68
1340.37,25.65
1341.37,25.65
1342.37,25.69
1343.37,25.67
1344.37,25.65
1345.37,25.69
1346.37,25.65
1347.37,25.66
1348.37,25.66
1349.37,25.68
1350.38,25.64
1351.38,25.67
1352.38,25.65
1353.38,25.7
1354.38,25.69
1355.38,25.72
1356.38,25.67
1357.38,25.66
1358.38,25.66
1359.38,25.67
1360.38,25.67
1361.38,25.69
1362.38,25.68
1363.38,25.66
1364.38,25.67
1365.38,25.68
1366.38,25.71
1367.38,25.68
1368.38,25.7
1369.38,25.67
1370.38,25.69
1371.38,25.71
1372.38,25.7
1373.38,25.68
1374.38,25.67
1375.38,25.66
1376.38,25.67
1377.38,25.71
1378.38,25.64
1379.38,25.65
1380.38,25.69
1381.38,25.72
1382.38,25.65
1383.38,25.68
1384.38,25.74
1385.38,25.69
1386.39,25.7
1387.39,25.67
1388.39,25.69
1389.39,25.7
1390.39,25.68
1391.39,25.67
1392.39,25.66
1393.39,25.69
1394.39,25.67
1395.39,25.71
1396.39,25.67
1397.39,25.7
1398.39,25.67
1399.39,25.69
1400.39,25.67
1401.39,25.72
1402.39,25.72
1403.39,25.7
1404.39,25.72
1405.39,25.7
1406.39,25.69
1407.39,25.67
1408.39,25.68
1409.39,25.7
1410.39,25.71
1411.39,25.7
1412.39,25.74
1413.39,25.72
1414.39,25.74
1415.39,25.7
1416.39,25.67
1417.39,25.68
1418.39,25.73
1419.39,25.71
1420.39,25.71
1421.39,25.72
1422.4,25.68
1423.4,25.71
1424.4,25.71
1425.4,25.7
1426.4,25.73
1427.4,25.73
1428.4,25.7
1429.4,25.7
1430.4,25.69
1431.4,25.71
1432.4,25.7
1433.4,25.71
1434.4,25.76
1435.4,25.72
1436.4,25.68
1437.4,25.7
1438.4,25.73
1439.4,25.73
1440.4,25.71
1441.4,25.74
1442.4,25.72
1443.4,25.69
1444.4,25.7
1445.4,25.7
1446.4,25.69
1447.4,25.71
1448.4,25.73
1449.4,25.72
1450.4,25.75
1451.4,25.72
1452.4,25.76
1453.4,25.74
1454.4,25.76
1455.4,25.74
1456.4,25.77
1457.4,25.77
1458.41,25.75
1459.41,25.73
1460.41,25.73
1461.41,25.76
1462.41,25.71
1463.41,25.7
1464.41,25.73
1465.41,25.72
1466.41,25.69
1467.41,25.76
1468.41,25.72
1469.41,25.76
1470.41,25.75
1471.41,25.74
1472.41,25.74
1473.41,25.76
1474.41,25.73
1475.41,25.77
1476.41,25.75
1477.41,25.73
1478.41,25.74
1479.41,25.73
1480.41,25.73
1481.41,25.72
1482.41,25.74
1483.41,25.72
1484.41,25.72
1485.41,25.74
1486.41,25.71
1487.41,25.74
1488.41,25.74
1489.41,25.76
1490.41,25.74
1491.41,25.79
1492.41,25.74
1493.41,25.75
1494.42,25.77
1495.42,25.73
1496.42,25.75
1497.42,25.76
1498.42,25.74
1499.42,25.75
1500.42,25.75
1501.42,25.76
1502.42,25.73
1503.42,25.76
1504.42,25.73
1505.42,25.73
1506.42,25.77
1507.42,25.78
1508.42,25.75
1509.42,25.75
1510.42,25.76
1511.42,25.78
1512.42,25.73
1513.42,25.72
1514.42,25.75
1515.42,25.74
1516.42,25.75
1517.42,25.72
1518.42,25.75
1519.42,25.76
1520.42,25.75
1521.42,25.76
1522.42,25.77
1523.42,25.79
1524.42,25.74
1525.42,25.78
1526.42,25.76
1527.42,25.8
1528.42,25.74
1529.42,25.76
1530.43,25.75
1531.43,25.75
1532.43,25.73
1533.43,25.76
1534.43,25.75
1535.43,25.77
1536.43,25.76
1537.43,25.74
1538.43,25.75
1539.43,25.79
1540.43,25.8
1541.43,25.77
1542.43,25.77
1543.43,25.77
1544.43,25.79
1545.43,25.73
1546.43,25.79
1547.43,25.77
1548.43,25.77
1549.43,25.76
1550.43,25.78
1551.43,25.74
1552.43,25.78
1553.43,25.77
1554.43,25.78
1555.43,25.77
1556.43,25.81
1557.43,25.78
1558.43,25.78
1559.43,25.76
1560.43,25.77
1561.43,25.77
1562.43,25.78
1563.43,25.78
1564.43,25.83
1565.43,25.78
1566.44,25.78
1567.44,25.76
1568.44,25.79
1569.44,25.77
1570.44,25.79
1571.44,25.83
1572.44,25.77
1573.44,25.78
1574.44,25.79
1575.44,25.8
1576.44,25.79
1577.44,25.78
1578.44,25.78
1579.44,25.78
1580.44,25.78
1581.44,25.81
1582.44,25.8
1583.44,25.8
1584.44,25.79
1585.44,25.8
1586.44,25.77
1587.44,25.79
1588.44,25.82
1589.44,25.77
1590.44,25.85
1591.44,25.83
1592.44,25.82
1593.44,25.78
1594.44,25.79
1595.44,25.78
1596.44,25.77
1597.44,25.79
1598.44,25.81
1599.44,25.83
1600.44,25.77
1601.44,25.78
1602.45,25.83
1603.45,25.82
1604.45,25.8
1605.45,25.79
1606.45,25.82
1607.45,25.79
1608.45,25.8
1609.45,25.77
1610.45,25.82
1611.45,25.82
1612.45,25.81
1613.45,25.82
1614.45,25.81
1615.45,25.83
1616.45,25.81
1617.45,25.84
1618.45,25.82
1619.45,25.81
1620.45,25.81
1621.45,25.81
1622.45,25.81
1623.45,25.77
1624.45,25.83
1625.45,25.84
1626.45,25.8
1627.45,25.8
1628.45,25.79
1629.45,25.8
1630.45,25.81
1631.45,25.83
1632.45,25.85
1633.45,25.8
1634.45,25.84
1635.45,25.76
1636.45,25.8
1637.45,25.84
1638.46,25.81
1639.46,25.84
1640.46,25.85
1641.46,25.81
1642.46,25.81
1643.46,25.82
1644.46,25.83
1645.46,25.83
1646.46,25.86
1647.46,25.87
1648.46,25.87
1649.46,25.84
1650.46,25.83
1651.46,25.79
1652.46,25.81
1653.46,25.82
1654.46,25.8
1655.46,25.79
1656.46,25.8
1657.46,25.84
1658.46,25.85
1659.46,25.83
1660.46,25.79
1661.46,25.8
1662.46,25.84
1663.46,25.81
1664.46,25.82
1665.46,25.83
1666.46,25.86
1667.46,25.84
1668.46,25.85
1669.46,25.82
1670.46,25.83
1671.46,25.83
1672.46,25.83
1673.46,25.87
1674.47,25.82
1675.47,25.81
1676.47,25.86
1677.47,25.84
1678.47,25.84
1679.47,25.88
1680.47,25.85
1681.47,25.85
1682.47,25.83
1683.47,25.82
1684.47,25.86
1685.47,25.86
1686.47,25.85
1687.47,25.82
1688.47,25.84
1689.47,25.86
1690.47,25.87
1691.47,25.79
1692.47,25.86
1693.47,25.82
1694.47,25.86
1695.47,25.85
1696.47,25.85
1697.47,25.8
1698.47,25.85
1699.47,25.84
1700.47,25.87
1701.47,25.88
1702.47,25.87
1703.47,25.85
1704.47,25.83
1705.47,25.87
1706.47,25.84
1707.47,25.83
1708.47,25.87
1709.47,25.88
1710.48,25.9
1711.48,25.84
1712.48,25.86
1713.48,25.85
1714.48,25.88
1715.48,25.89
1716.48,25.85
1717.48,25.84
1718.48,25.89
1719.48,25.86
1720.48,25.86
1721.48,25.84
1722.48,25.91
1723.48,25.84
1724.48,25.84
1725.48,25.89
1726.48,25.88
1727.48,25.86
1728.48,25.86
1729.48,25.87
1730.48,25.87
1731.48,25.88
1732.48,25.85
1733.48,25.86
1734.48,25.86
1735.48,25.83
1736.48,25.84
1737.48,25.86
1738.48,25.86
1739.48,25.85
1740.48,25.87
1741.48,25.89
1742.48,25.89
1743.48,25.85
1744.48,25.91
1745.48,25.87
1746.49,25.86
1747.49,25.84
1748.49,25.86
1749.49,25.83
1750.49,25.86
1751.49,25.89
1752.49,25.86
1753.49,25.85
1754.49,25.88
1755.49,25.88
1756.49,25.87
1757.49,25.9
1758.49,25.87
1759.49,25.85
1760.49,25.87
1761.49,25.88
1762.49,25.88
1763.49,25.91
1764.49,25.92
1765.49,25.86
1766.49,25.85
1767.49,25.86
1768.49,25.94
1769.49,25.89
1770.49,25.89
1771.49,25.91
1772.49,25.89
1773.49,25.87
1774.49,25.88
1775.49,25.91
1776.49,25.9
1777.49,25.88
1778.49,25.9
1779.49,25.87
1780.49,25.86
1781.49,25.92
1782.5,25.9
1783.5,25.92
1784.5,25.9
1785.5,25.89
1786.5,25.88
1787.5,25.88
1788.5,25.9
1789.5,25.88
1790.5,25.84
1791.5,25.88
1792.5,25.89
1793.5,25.9
1794.5,25.88
1795.5,25.91
1796.5,25.92
1797.5,25.9
1798.5,25.92
1799.5,25.93
1800.5,25.9
1801.5,25.92
1802.5,25.9
1803.5,25.91
1804.5,25.9
1805.5,25.94
1806.5,25.92
1807.5,25.92
1808.5,25.94
1809.5,25.92
1810.5,25.89
1811.5,25.93
1812.5,25.88
1813.5,25.92
1814.5,25.96
1815.5,25.93
1816.5,25.9
1817.5,25.91
1818.51,25.9
1819.51,25.92
1820.51,25.96
1821.51,25.91
1822.51,25.87
1823.51,25.9
1824.51,25.92
1825.51,25.9
1826.51,25.9
1827.51,25.92
1828.51,25.95
1829.51,25.94
1830.51,25.91
1831.51,25.91
1832.51,25.93
1833.51,25.87
1834.51,25.94
1835.51,25.92
1836.51,25.94
1837.51,25.92
1838.51,25.92
1839.51,25.94
1840.51,25.9
1841.51,25.94
1842.51,25.91
1843.51,25.91
1844.51,25.91
1845.51,25.94
1846.51,25.95
1847.51,25.89
1848.51,25.91
1849.51,25.94
1850.51,25.91
1851.51,25.9
1852.51,25.95
1853.51,25.94
1854.52,25.95
1855.52,25.97
1856.52,25.89
1857.52,25.95
1858.52,25.95
1859.52,25.93
1860.52,25.94
1861.52,25.94
1862.52,25.92
1863.52,25.93
1864.52,25.94
1865.52,25.92
1866.52,25.95
1867.52,25.93
1868.52,25.95
1869.52,25.92
1870.52,25.93
1871.52,25.92
1872.52,25.91
1873.52,25.94
1874.52,25.93
1875.52,25.92
1876.52,25.96
1877.52,25.92
1878.52,25.93
1879.52,25.93
1880.52,26.01
1881.52,25.96
1882.52,25.93
1883.52,25.91
1884.52,25.97
1885.52,25.91
1886.52,25.92
1887.52,25.93
1888.52,25.93
1889.52,25.94
1890.53,25.98
1891.53,25.94
1892.53,25.95
1893.53,25.98
1894.53,25.93
1895.53,25.95
1896.53,25.93
1897.53,25.94
1898.53,25.95
1899.53,25.97
1900.53,25.92
1901.53,25.95
1902.53,25.96
1903.53,25.97
1904.53,25.96
1905.53,25.97
1906.53,25.94
1907.53,25.95
1908.53,25.95
1909.53,25.96
1910.53,25.94
1911.53,25.96
1912.53,25.98
1913.53,25.97
1914.53,25.94
1915.53,25.94
1916.53,25.98
1917.53,25.95
1918.53,25.93
1919.53,25.93
1920.53,25.96
1921.53,25.99
1922.53,25.98
1923.53,25.94
1924.53,25.99
1925.53,25.98
1926.54,25.96
1927.54,25.98
1928.54,25.95
1929.54,25.97
1930.54,25.99
1931.54,25.95
1932.54,25.96
1933.54,25.96
1934.54,25.96
1935.54,25.95
1936.54,25.97
1937.54,25.94
1938.54,25.95
1939.54,25.97
1940.54,26.0
1941.54,25.99
1942.54,25.99
1943.54,25.97
1944.54,25.96
1945.54,25.99
1946.54,25.99
1947.54,25.99
1948.54,26.0
1949.54,25.95
1950.54,25.97
1951.54,25.98
1952.54,25.96
1953.54,25.95
1954.54,25.96
1955.54,25.96
1956.54,25.98
1957.54,26.0
1958.54,25.94
1959.54,25.96
1960.54,26.0
1961.54,26.01
1962.55,25.99
1963.55,25.99
1964.55,25.97
1965.55,25.97
1966.55,25.99
1967.55,25.97
1968.55,25.98
1969.55,25.98
1970.55,25.97
1971.55,26.01
1972.55,26.03
1973.55,26.0
1974.55,26.01
1975.55,25.96
1976.55,26.0
1977.55,25.98
1978.55,25.98
1979.55,26.0
1980.55,25.97
1981.55,26.01
1982.55,25.99
1983.55,25.98
1984.55,26.0
1985.55,26.03
1986.55,25.98
1987.55,26.01
1988.55,25.97
1989.55,25.97
1990.55,25.99
1991.55,25.99
1992.55,26.0
1993.55,26.02
1994.55,26.01
1995.55,25.99
1996.55,25.99
1997.55,26.01
1998.56,26.01
1999.56,26.02
2000.56,25.94
2001.56,25.98
2002.56,25.96
2003.56,25.98
2004.56,25.98
2005.56,26.01
2006.56,26.03
2007.56,26.0
2008.56,25.95
2009.56,26.02
2010.56,26.01
2011.56,26.01
2012.56,25.98
2013.56,26.0
2014.56,26.05
2015.56,26.02
2016.56,25.98
2017.56,25.98
2018.56,26.0
2019.56,25.98
2020.56,26.0
2021.56,26.0
2022.56,26.03
2023.56,26.01
2024.56,26.04
2025.56,26.02
2026.56,26.01
2027.56,26.04
2028.56,26.02
2029.56,26.03
2030.56,26.01
2031.56,26.02
2032.56,26.01
2033.56,25.96
2034.57,25.97
2035.57,26.03
2036.57,26.0
2037.57,25.99
2038.57,26.0
2039.57,26.02
2040.57,26.0
2041.57,26.01
2042.57,26.03
2043.57,26.04
2044.57,26.0
2045.57,26.03
2046.57,26.01
2047.57,26.02
2048.57,26.08
2049.57,26.03
2050.57,26.02
2051.57,26.01
2052.57,26.05
2053.57,26.03
2054.57,26.03
2055.57,26.04
2056.57,26.03
2057.57,26.01
2058.57,26.05
2059.57,26.04
2060.57,25.99
2061.57,26.06
2062.57,26.02
2063.57,26.02
2064.57,26.02
2065.57,26.05
2066.57,26.02
2067.57,26.04
2068.57,26.05
2069.57,26.03
2070.58,26.03
2071.58,26.02
2072.58,26.05
2073.58,26.04
2074.58,26.02
2075.58,26.06
2076.58,26.05
2077.58,26.02
2078.58,26.04
2079.58,26.05
2080.58,26.04
2081.58,26.07
2082.58,26.07
2083.58,26.05
2084.58,26.04
2085.58,26.03
2086.58,26.05
2087.58,26.02
2088.58,26.04
2089.58,26.08
2090.58,26.03
2091.58,26.08
2092.58,26.06
2093.58,26.0
2094.58,26.08
2095.58,26.04
2096.58,26.04
2097.58,26.03
2098.58,26.04
2099.58,26.02
2100.58,26.05
2101.58,26.06
2102.58,26.04
2103.58,26.05
2104.58,26.05
2105.58,26.05
2106.59,26.03
2107.59,26.07
2108.59,26.05
2109.59,26.05
2110.59,26.06
2111.59,26.04
2112.59,26.06
2113.59,26.06
2114.59,26.03
2115.59,26.08
2116.59,26.08
2117.59,26.11
2118.59,26.04
2119.59,26.08
2120.59,26.08
2121.59,26.05
2122.59,26.11
2123.59,26.05
2124.59,26.08
2125.59,26.05
2126.59,26.06
2127.59,26.09
2128.59,26.06
2129.59,26.09
2130.59,26.08
2131.59,26.09
2132.59,26.07
2133.59,26.09
2134.59,26.06
2135.59,26.07
2136.59,26.06
2137.59,26.08
2138.59,26.03
2139.59,26.05
2140.59,26.04
2141.59,26.09
2142.6,26.03
2143.6,26.06
2144.6,26.05
2145.6,26.08
2146.6,26.09
2147.6,26.13
2148.6,26.08
2149.6,26.06
2150.6,26.04
2151.6,26.05
2152.6,26.11
2153.6,26.1
2154.6,26.1
2155.6,26.07
2156.6,26.06
2157.6,26.1
2158.6,26.06
2159.6,26.09
2160.6,26.05
2161.6,26.1
2162.6,26.08
2163.6,26.06
2164.6,26.08
2165.6,26.11
2166.6,26.14
2167.6,26.1
2168.6,26.08
2169.6,26.11
2170.6,26.08
2171.6,26.08
2172.6,26.07
2173.6,26.07
2174.6,26.11
2175.6,26.12
2176.6,26.08
2177.6,26.09
2178.61,26.09
2179.61,26.1
2180.61,26.08
2181.61,26.11
2182.61,26.09
2183.61,26.12
2184.61,26.1
2185.61,26.08
2186.61,26.1
2187.61,26.06
2188.61,26.06
2189.61,26.1
2190.61,26.08
2191.61,26.09
2192.61,26.12
2193.61,26.06
2194.61,26.13
2195.61,26.13
2196.61,26.11
2197.61,26.11
2198.61,26.13
2199.61,26.09
2200.61,26.11
2201.61,26.07
2202.61,26.14
2203.61,26.1
2204.61,26.12
2205.61,26.08
2206.61,26.1
2207.61,26.13
2208.61,26.1
2209.61,26.13
2210.61,26.11
2211.61,26.09
2212.61,26.11
2213.61,26.1
2214.62,26.08
2215.62,26.13
2216.62,26.11
2217.62,26.14
2218.62,26.11
2219.62,26.08
2220.62,26.12
2221.62,26.11
2222.62,26.12
2223.62,26.08
2224.62,26.11
2225.62,26.11
2226.62,26.1
2227.62,26.08
2228.62,26.12
2229.62,26.1
2230.62,26.12
2231.62,26.12
2232.62,26.13
2233.62,26.13
2234.62,26.11
2235.62,26.15
2236.62,26.11
2237.62,26.13
2238.62,26.16
2239.62,26.1
2240.62,26.1
2241.62,26.13
2242.62,26.12
2243.62,26.16
2244.62,26.13
2245.62,26.13
2246.62,26.11
2247.62,26.14
2248.62,26.13
2249.62,26.1
2250.63,26.13
2251.63,26.13
2252.63,26.14
2253.63,26.11
2254.63,26.11
2255.63,26.1
2256.63,26.11
2257.63,26.13
2258.63,26.13
2259.63,26.11
2260.63,26.09
2261.63,26.18
2262.63,26.1
2263.63,26.16
2264.63,26.14
2265.63,26.15
2266.63,26.12
2267.63,26.13
2268.63,26.14
2269.63,26.12
2270.63,26.14
2271.63,26.16
2272.63,26.17
2273.63,26.13
2274.63,26.16
2275.63,26.14
2276.63,26.13
2277.63,26.14
2278.63,26.11
2279.63,26.13
2280.63,26.15
2281.63,26.14
2282.63,26.12
2283.63,26.16
2284.63,26.13
2285.63,26.16
2286.64,26.13
2287.64,26.15
2288.64,26.13
2289.64,26.16
2290.64,26.12
2291.64,26.14
2292.64,26.16
2293.64,26.2
2294.64,26.14
2295.64,26.13
2296.64,26.18
2297.64,26.15
2298.64,26.14
2299.64,26.15
2300.64,26.13
2301.64,26.15
2302.64,26.17
2303.64,26.14
2304.64,26.17
2305.64,26.16
2306.64,26.11
2307.64,26.12
2308.64,26.17
2309.64,26.11
2310.64,26.16
2311.64,26.18
2312.64,26.18
2313.64,26.11
2314.64,26.17
2315.64,26.15
2316.64,26.17
2317.64,26.13
2318.64,26.16
2319.64,26.14
2320.64,26.13
2321.64,26.19
2322.65,26.18
2323.65,26.18
2324.65,26.17
2325.65,26.19
2326.65,26.19
2327.65,26.16
2328.65,26.21
2329.65,26.14
2330.65,26.2
2331.65,26.19
2332.65,26.21
2333.65,26.17
2334.65,26.16
2335.65,26.17
2336.65,26.21
2337.65,26.18
2338.65,26.19
2339.65,26.18
2340.65,26.2
2341.65,26.16
2342.65,26.14
2343.65,26.17
2344.65,26.17
2345.65,26.18
2346.65,26.16
2347.65,26.2
2348.65,26.17
2349.65,26.19
2350.65,26.18
2351.65,26.17
2352.65,26.15
2353.65,26.18
2354.65,26.18
2355.65,26.19
2356.65,26.17
2357.65,26.16
2358.66,26.18
2359.66,26.17
2360.66,26.17
2361.66,26.2
2362.66,26.19
2363.66,26.16
2364.66,26.18
2365.66,26.18
2366.66,26.19
2367.66,26.19
2368.66,26.19
2369.66,26.2
2370.66,26.18
2371.66,26.19
2372.66,26.17
2373.66,26.18
2374.66,26.18
2375.66,26.19
2376.66,26.2
2377.66,26.18
2378.66,26.14
2379.66,26.19
2380.66,26.18
2381.66,26.17
2382.66,26.21
2383.66,26.16
2384.66,26.18
2385.66,26.2
2386.66,26.19
2387.66,26.17
2388.66,26.2
2389.66,26.19
2390.66,26.18
2391.66,26.18
2392.66,26.22
2393.66,26.22
2394.67,26.22
2395.67,26.22
2396.67,26.2
2397.67,26.21
2398.67,26.21
2399.67,26.21
2400.67,26.19
2401.67,26.2
2402.67,26.21
2403.67,26.18
2404.67,26.22
2405.67,26.23
2406.67,26.2
2407.67,26.19
2408.67,26.19
2409.67,26.22
2410.67,26.24
2411.67,26.19
2412.67,26.2
2413.67,26.21
2414.67,26.19
2415.67,26.19
2416.67,26.17
2417.67,26.23
2418.67,26.22
2419.67,26.21
2420.67,26.18
2421.67,26.24
2422.67,26.19
2423.67,26.21
2424.67,26.2
2425.67,26.23
2426.67,26.25
2427.67,26.2
2428.67,26.24
2429.67,26.21
2430.68,26.21
2431.68,26.17
2432.68,26.15
2433.68,26.21
2434.68,26.18
2435.68,26.24
2436.68,26.22
2437.68,26.23
2438.68,26.23
2439.68,26.23
2440.68,26.24
2441.68,26.23
2442.68,26.25
2443.68,26.24
2444.68,26.21
2445.68,26.21
2446.68,26.24
2447.68,26.23
2448.68,26.24
2449.68,26.23
2450.68,26.23
2451.68,26.2
2452.68,26.26
2453.68,26.2
2454.68,26.21
2455.68,26.26
2456.68,26.23
2457.68,26.21
2458.68,26.25
2459.68,26.25
2460.68,26.22
2461.68,26.24
2462.68,26.21
2463.68,26.23
2464.68,26.25
2465.68,26.22
2466.69,26.23
2467.69,26.26
2468.69,26.23
2469.69,26.25
2470.69,26.27
2471.69,26.26
2472.69,26.23
2473.69,26.23
2474.69,26.23
2475.69,26.23
2476.69,26.22
2477.69,26.2
2478.69,26.25
2479.69,26.23
2480.69,26.27
2481.69,26.25
2482.69,26.22
2483.69,26.22
2484.69,26.24
2485.69,26.25
2486.69,26.26
2487.69,26.23
2488.69,26.25
2489.69,26.27
2490.69,26.24
2491.69,26.23
2492.69,26.28
2493.69,26.24
2494.69,26.25
2495.69,26.25
2496.69,26.27
2497.69,26.24
2498.69,26.27
2499.69,26.26
2500.69,26.24
2501.69,26.26
2502.7,26.27
2503.7,26.24
2504.7,26.22
2505.7,26.27
2506.7,26.26
2507.7,26.26
2508.7,26.27
2509.7,26.27
2510.7,26.26
2511.7,26.23
2512.7,26.27
2513.7,26.23
2514.7,26.25
2515.7,26.25
2516.7,26.24
2517.7,26.26
2518.7,26.27
2519.7,26.27
2520.7,26.28
2521.7,26.24
2522.7,26.29
2523.7,26.24
2524.7,26.25
2525.7,26.26
2526.7,26.25
2527.7,26.29
2528.7,26.25
2529.7,26.24
2530.7,26.26
2531.7,26.25
2532.7,26.25
2533.7,26.28
2534.7,26.24
2535.7,26.27
2536.7,26.25
2537.7,26.28
2538.71,26.26
2539.71,26.28
2540.71,26.28
2541.71,26.27
2542.71,26.3
2543.71,26.27
2544.71,26.26
2545.71,26.29
2546.71,26.29
2547.71,26.25
2548.71,26.31
2549.71,26.28
2550.71,26.28
2551.71,26.29
2552.71,26.3
2553.71,26.3
2554.71,26.28
2555.71,26.32
2556.71,26.27
2557.71,26.26
2558.71,26.32
2559.71,26.28
2560.71,26.3
2561.71,26.24
2562.71,26.27
2563.71,26.26
2564.71,26.26
2565.71,26.24
2566.71,26.31
2567.71,26.28
2568.71,26.3
2569.71,26.27
2570.71,26.28
2571.71,26.28
2572.71,26.28
2573.71,26.27
2574.72,26.29
2575.72,26.29
2576.72,26.27
2577.72,26.3
2578.72,26.29
2579.72,26.28
2580.72,26.29
2581.72,26.3
2582.72,26.27
2583.72,26.32
2584.72,26.29
2585.72,26.31
2586.72,26.29
2587.72,26.27
2588.72,26.3
2589.72,26.3
2590.72,26.3
2591.72,26.33
2592.72,26.29
2593.72,26.26
2594.72,26.3
2595.72,26.31
2596.72,26.29
2597.72,26.32
2598.72,26.28
2599.72,26.28
2600.72,26.28
2601.72,26.28
2602.72,26.27
2603.72,26.32
2604.72,26.33
2605.72,26.32
2606.72,26.32
2607.72,26.32
2608.72,26.3
2609.72,26.34
2610.73,26.31
2611.73,26.29
2612.73,26.32
2613.73,26.29
2614.73,26.3
2615.73,26.31
2616.73,26.31
2617.73,26.34
2618.73,26.32
2619.73,26.33
2620.73,26.32
2621.73,26.33
2622.73,26.3
2623.73,26.3
2624.73,26.33
2625.73,26.36
2626.73,26.31
2627.73,26.32
2628.73,26.32
2629.73,26.31
2630.73,26.33
2631.73,26.28
2632.73,26.31
2633.73,26.26
2634.73,26.3
2635.73,26.32
2636.73,26.34
2637.73,26.31
2638.73,26.3
2639.73,26.29
2640.73,26.32
2641.73,26.31
2642.73,26.31
2643.73,26.32
2644.73,26.33
2645.73,26.36
2646.74,26.3
2647.74,26.32
2648.74,26.3
2649.74,26.38
2650.74,26.31
2651.74,26.31
2652.74,26.31
2653.74,26.34
2654.74,26.36
2655.74,26.34
2656.74,26.33
2657.74,26.36
2658.74,26.33
2659.74,26.33
2660.74,26.33
2661.74,26.34
2662.74,26.34
2663.74,26.33
2664.74,26.34
2665.74,26.34
2666.74,26.29
2667.74,26.35
2668.74,26.35
2669.74,26.35
2670.74,26.32
2671.74,26.36
2672.74,26.34
2673.74,26.36
2674.74,26.35
2675.74,26.37
2676.74,26.39
2677.74,26.34
2678.74,26.33
2679.74,26.32
2680.74,26.34
2681.74,26.36
2682.75,26.33
2683.75,26.32
2684.75,26.32
2685.75,26.34
2686.75,26.32
2687.75,26.36
2688.75,26.36
2689.75,26.33
2690.75,26.34
2691.75,26.32
2692.75,26.35
2693.75,26.39
2694.75,26.34
2695.75,26.38
2696.75,26.37
2697.75,26.34
2698.75,26.35
2699.75,26.36
2700.75,26.37
2701.75,26.36
2702.75,26.33
2703.75,26.37
2704.75,26.35
2705.75,26.38
2706.75,26.36
2707.75,26.34
2708.75,26.35
2709.75,26.39
2710.75,26.38
2711.75,26.36
2712.75,26.35
2713.75,26.32
2714.75,26.39
2715.75,26.38
2716.75,26.34
2717.75,26.34
2718.76,26.35
2719.76,26.33
2720.76,26.33
2721.76,26.34
2722.76,26.37
2723.76,26.35
2724.76,26.34
2725.76,26.39
2726.76,26.37
2727.76,26.37
2728.76,26.37
2729.76,26.38
2730.76,26.37
2731.76,26.35
2732.76,26.36
2733.76,26.34
2734.76,26.36
2735.76,26.34
2736.76,26.39
2737.76,26.37
2738.76,26.38
2739.76,26.36
2740.76,26.39
2741.76,26.32
2742.76,26.37
2743.76,26.37
2744.76,26.38
2745.76,26.38
2746.76,26.38
2747.76,26.39
2748.76,26.37
2749.76,26.42
2750.76,26.39
2751.76,26.4
2752.76,26.41
2753.76,26.37
2754.77,26.37
2755.77,26.37
2756.77,26.38
2757.77,26.37
2758.77,26.4
2759.77,26.45
2760.77,26.41
2761.77,26.37
2762.77,26.38
2763.77,26.37
2764.77,26.35
2765.77,26.38
2766.77,26.38
2767.77,26.39
2768.77,26.39
2769.77,26.36
2770.77,26.42
2771.77,26.4
2772.77,26.37
2773.77,26.35
2774.77,26.38
2775.77,26.36
2776.77,26.41
2777.77,26.41
2778.77,26.41
2779.77,26.4
2780.77,26.39
2781.77,26.4
2782.77,26.39
2783.77,26.38
2784.77,26.39
2785.77,26.37
2786.77,26.4
2787.77,26.42
2788.77,26.41
2789.77,26.39
2790.78,26.38
2791.78,26.38
2792.78,26.41
2793.78,26.4
2794.78,26.39
2795.78,26.42
2796.78,26.41
2797.78,26.43
2798.78,26.39
2799.78,26.4
2800.78,26.4
2801.78,26.42
2802.78,26.4
2803.78,26.36
2804.78,26.41
2805.78,26.38
2806.78,26.43
2807.78,26.42
2808.78,26.38
2809.78,26.4
2810.78,26.42
2811.78,26.4
2812.78,26.41
2813.78,26.42
2814.78,26.4
2815.78,26.4
2816.78,26.42
2817.78,26.4
2818.78,26.42
2819.78,26.42
2820.78,26.39
2821.78,26.44
2822.78,26.37
2823.78,26.42
2824.78,26.41
2825.78,26.41
2826.79,26.39
2827.79,26.43
2828.79,26.42
2829.79,26.41
2830.79,26.44
2831.79,26.39
2832.79,26.42
2833.79,26.44
2834.79,26.42
2835.79,26.44
2836.79,26.41
2837.79,26.38
2838.79,26.42
2839.79,26.43
2840.79,26.47
2841.79,26.39
2842.79,26.41
2843.79,26.42
2844.79,26.43
2845.79,26.43
2846.79,26.45
2847.79,26.41
2848.79,26.42
2849.79,26.43
2850.79,26.44
2851.79,26.44
2852.79,26.42
2853.79,26.43
2854.79,26.45
2855.79,26.44
2856.79,26.45
2857.79,26.39
2858.79,26.43
2859.79,26.43
2860.79,26.46
2861.79,26.4
2862.8,26.45
2863.8,26.44
2864.8,26.39
2865.8,26.41
2866.8,26.46
2867.8,26.45
2868.8,26.42
2869.8,26.4
2870.8,26.45
2871.8,26.43
2872.8,26.44
2873.8,26.4
2874.8,26.47
2875.8,26.43
2876.8,26.41
2877.8,26.42
2878.8,26.48
2879.8,26.45
2880.8,26.43
2881.8,26.39
2882.8,26.43
2883.8,26.39
2884.8,26.46
2885.8,26.44
2886.8,26.44
2887.8,26.45
2888.8,26.42
2889.8,26.44
2890.8,26.42
2891.8,26.45
2892.8,26.46
2893.8,26.43
2894.8,26.43
2895.8,26.43
2896.8,26.43
2897.8,26.47
2898.81,26.44
2899.81,26.46
2900.81,26.45
2901.81,26.42
2902.81,26.48
2903.81,26.46
2904.81,26.45
2905.81,26.47
2906.81,26.46
2907.81,26.45
2908.81,26.45
2909.81,26.44
2910.81,26.43
2911.81,26.46
2912.81,26.45
2913.81,26.45
2914.81,26.46
2915.81,26.45
2916.81,26.47
2917.81,26.43
2918.81,26.42
2919.81,26.48
2920.81,26.45
2921.81,26.46
2922.81,26.47
2923.81,26.46
2924.81,26.45
2925.81,26.43
2926.81,26.47
2927.81,26.46
2928.81,26.48
2929.81,26.48
2930.81,26.44
2931.81,26.44
2932.81,26.44
2933.81,26.49
2934.82,26.46
2935.82,26.48
2936.82,26.49
2937.82,26.48
2938.82,26.44
2939.82,26.45
2940.82,26.49
2941.82,26.48
2942.82,26.44
2943.82,26.49
2944.82,26.48
2945.82,26.48
2946.82,26.47
2947.82,26.47
2948.82,26.51
2949.82,26.46
2950.82,26.46
2951.82,26.45
2952.82,26.47
2953.82,26.47
2954.82,26.49
2955.82,26.43
2956.82,26.48
2957.82,26.47
2958.82,26.46
2959.82,26.51
2960.82,26.48
2961.82,26.51
2962.82,26.47
2963.82,26.5
2964.82,26.49
2965.82,26.46
2966.82,26.51
2967.82,26.52
2968.82,26.46
2969.82,26.46
2970.83,26.5
2971.83,26.5
2972.83,26.51
2973.83,26.46
2974.83,26.52
2975.83,26.5
2976.83,26.48
2977.83,26.49
2978.83,26.5
2979.83,26.51
2980.83,26.48
2981.83,26.5
2982.83,26.48
2983.83,26.47
2984.83,26.5
2985.83,26.49
2986.83,26.49
2987.83,26.47
2988.83,26.48
2989.83,26.48
2990.83,26.48
2991.83,26.49
2992.83,26.51
2993.83,26.5
2994.83,26.54
2995.83,26.53
2996.83,26.5
2997.83,26.49
2998.83,26.46
2999.83,26.49
3000.83,26.55
3001.83,26.52
3002.83,26.53
3003.83,26.48
3004.83,26.53
3005.83,26.51
3006.84,26.51
3007.84,26.51
3008.84,26.5
3009.84,26.48
3010.84,26.5
3011.84,26.5
3012.84,26.49
3013.84,26.51
3014.84,26.55
3015.84,26.54
3016.84,26.52
3017.84,26.49
3018.84,26.51
3019.84,26.51
3020.84,26.49
3021.84,26.49
3022.84,26.55
3023.84,26.49
3024.84,26.53
3025.84,26.51
3026.84,26.51
3027.84,26.53
3028.84,26.52
3029.84,26.51
3030.84,26.51
3031.84,26.51
3032.84,26.51
3033.84,26.51
3034.84,26.51
3035.84,26.49
3036.84,26.51
3037.84,26.54
3038.84,26.51
3039.84,26.5
3040.84,26.51
3041.84,26.52
3042.85,26.54
3043.85,26.51
3044.85,26.48
3045.85,26.52
3046.85,26.53
3047.85,26.54
3048.85,26.51
3049.85,26.52
3050.85,26.5
3051.85,26.48
3052.85,26.53
3053.85,26.52
3054.85,26.53
3055.85,26.52
3056.85,26.53
3057.85,26.49
3058.85,26.51
3059.85,26.55
3060.85,26.54
3061.85,26.54
3062.85,26.52
3063.85,26.53
3064.85,26.53
3065.85,26.55
3066.85,26.52
3067.85,26.55
3068.85,26.55
3069.85,26.53
3070.85,26.55
3071.85,26.53
3072.85,26.55
3073.85,26.52
3074.85,26.52
3075.85,26.55
3076.85,26.51
3077.85,26.53
3078.86,26.54
3079.86,26.53
3080.86,26.53
3081.86,26.51
3082.86,26.54
3083.86,26.57
3084.86,26.55
3085.86,26.56
3086.86,26.57
3087.86,26.53
3088.86,26.55
3089.86,26.56
3090.86,26.55
3091.86,26.55
3092.86,26.54
3093.86,26.54
3094.86,26.54
3095.86,26.56
3096.86,26.57
3097.86,26.58
3098.86,26.57
3099.86,26.58
3100.86,26.53
3101.86,26.53
3102.86,26.56
3103.86,26.52
3104.86,26.57
3105.86,26.55
3106.86,26.54
3107.86,26.57
3108.86,26.52
3109.86,26.59
3110.86,26.55
3111.86,26.52
3112.86,26.56
3113.86,26.52
3114.87,26.54
3115.87,26.58
3116.87,26.57
3117.87,26.59
3118.87,26.54
3119.87,26.58
3120.87,26.54
3121.87,26.55
3122.87,26.53
3123.87,26.58
3124.87,26.56
3125.87,26.54
3126.87,26.58
3127.87,26.56
3128.87,26.59
3129.87,26.59
3130.87,26.55
3131.87,26.56
3132.87,26.57
3133.87,26.56
3134.87,26.58
3135.87,26.55
3136.87,26.58
3137.87,26.56
3138.87,26.59
3139.87,26.57
3140.87,26.55
3141.87,26.58
3142.87,26.58
3143.87,26.55
3144.87,26.55
3145.87,26.62
3146.87,26.57
3147.87,26.55
3148.87,26.59
3149.87,26.56
3150.88,26.6
3151.88,26.6
3152.88,26.57
3153.88,26.61
3154.88,26.57
3155.88,26.56
3156.88,26.6
3157.88,26.61
3158.88,26.61
3159.88,26.63
3160.88,26.59
3161.88,26.58
3162.88,26.61
3163.88,26.57
3164.88,26.58
3165.88,26.59
3166.88,26.6
3167.88,26.6
3168.88,26.62
3169.88,26.57
3170.88,26.58
3171.88,26.58
3172.88,26.6
3173.88,26.58
3174.88,26.6
3175.88,26.63
3176.88,26.61
3177.88,26.59
3178.88,26.59
3179.88,26.61
3180.88,26.57
3181.88,26.57
3182.88,26.62
3183.88,26.61
3184.88,26.62
3185.88,26.55
3186.89,26.6
3187.89,26.61
3188.89,26.6
3189.89,26.59
3190.89,26.57
3191.89,26.58
3192.89,26.62
3193.89,26.63
3194.89,26.61
3195.89,26.6
3196.89,26.62
3197.89,26.57
3198.89,26.59
3199.89,26.66
3200.89,26.57
3201.89,26.59
3202.89,26.62
3203.89,26.59
3204.89,26.58
3205.89,26.61
3206.89,26.6
3207.89,26.59
3208.89,26.62
3209.89,26.63
3210.89,26.6
3211.89,26.6
3212.89,26.59
3213.89,26.63
3214.89,26.62
3215.89,26.58
3216.89,26.62
3217.89,26.64
3218.89,26.61
3219.89,26.6
3220.89,26.61
3221.89,26.61
3222.9,26.61
3223.9,26.6
3224.9,26.61
3225.9,26.64
3226.9,26.63
3227.9,26.62
3228.9,26.59
3229.9,26.62
3230.9,26.59
3231.9,26.6
3232.9,26.58
3233.9,26.62
3234.9,26.63
3235.9,26.63
3236.9,26.62
3237.9,26.61
3238.9,26.59
3239.9,26.6
3240.9,26.64
3241.9,26.62
3242.9,26.63
3243.9,26.64
3244.9,26.61
3245.9,26.65
3246.9,26.6
3247.9,26.64
3248.9,26.64
3249.9,26.63
3250.9,26.62
3251.9,26.63
3252.9,26.67
3253.9,26.63
3254.9,26.6
3255.9,26.6
3256.9,26.63
3257.9,26.62
3258.91,26.67
3259.91,26.62
3260.91,26.6
3261.91,26.63
3262.91,26.63
3263.91,26.64
3264.91,26.64
3265.91,26.62
3266.91,26.63
3267.91,26.65
3268.91,26.64
3269.91,26.61
3270.91,26.65
3271.91,26.66
3272.91,26.61
3273.91,26.65
3274.91,26.66
3275.91,26.68
3276.91,26.64
3277.91,26.6
3278.91,26.63
3279.91,26.67
3280.91,26.63
3281.91,26.65
3282.91,26.6
3283.91,26.6
3284.91,26.63
3285.91,26.64
3286.91,26.64
3287.91,26.66
3288.91,26.63
3289.91,26.66
3290.91,26.61
3291.91,26.66
3292.91,26.63
3293.91,26.63
3294.92,26.68
3295.92,26.67
3296.92,26.63
3297.92,26.68
3298.92,26.64
3299.92,26.67
3300.92,26.66
3301.92,26.68
3302.92,26.64
3303.92,26.66
3304.92,26.65
3305.92,26.66
3306.92,26.62
3307.92,26.68
3308.92,26.62
3309.92,26.66
3310.92,26.69
3311.92,26.67
3312.92,26.69
3313.92,26.68
3314.92,26.65
3315.92,26.66
3316.92,26.7
3317.92,26.65
3318.92,26.67
3319.92,26.69
3320.92,26.64
3321.92,26.66
3322.92,26.64
3323.92,26.63
3324.92,26.65
3325.92,26.67
3326.92,26.65
3327.92,26.68
3328.92,26.66
3329.92,26.64
3330.93,26.68
3331.93,26.63
3332.93,26.68
3333.93,26.65
3334.93,26.68
3335.93,26.66
3336.93,26.69
3337.93,26.7
3338.93,26.66
3339.93,26.71
3340.93,26.66
3341.93,26.64
3342.93,26.68
3343.93,26.7
3344.93,26.67
3345.93,26.66
3346.93,26.67
3347.93,26.7
3348.93,26.67
3349.93,26.68
3350.93,26.66
3351.93,26.65
3352.93,26.69
3353.93,26.69
3354.93,26.67
3355.93,26.67
3356.93,26.7
3357.93,26.68
3358.93,26.7
3359.93,26.72
3360.93,26.69
3361.93,26.68
3362.93,26.72
3363.93,26.69
3364.93,26.64
3365.93,26.67
3366.94,26.69
3367.94,26.67
3368.94,26.66
3369.94,26.7
3370.94,26.71
3371.94,26.69
3372.94,26.71
3373.94,26.68
3374.94,26.69
3375.94,26.69
3376.94,26.72
3377.94,26.66
3378.94,26.7
3379.94,26.69
3380.94,26.71
3381.94,26.67
3382.94,26.7
3383.94,26.73
3384.94,26.71
3385.94,26.7
3386.94,26.69
3387.94,26.66
3388.94,26.66
3389.94,26.7
3390.94,26.66
3391.94,26.69
3392.94,26.71
3393.94,26.71
3394.94,26.69
3395.94,26.71
3396.94,26.71
3397.94,26.68
3398.94,26.69
3399.94,26.69
3400.94,26.71
3401.94,26.7
3402.95,26.68
3403.95,26.71
3404.95,26.71
3405.95,26.69
3406.95,26.71
3407.95,26.73
3408.95,26.7
3409.95,26.73
3410.95,26.73
3411.95,26.7
3412.95,26.68
3413.95,26.67
3414.95,26.69
3415.95,26.71
3416.95,26.73
3417.95,26.69
3418.95,26.73
3419.95,26.73
3420.95,26.7
3421.95,26.68
3422.95,26.72
3423.95,26.72
3424.95,26.72
3425.95,26.72
3426.95,26.74
3427.95,26.76
3428.95,26.73
3429.95,26.7
3430.95,26.71
3431.95,26.76
3432.95,26.73
3433.95,26.73
3434.95,26.71
3435.95,26.73
3436.95,26.7
3437.95,26.7
3438.96,26.7
3439.96,26.71
3440.96,26.73
3441.96,26.71
3442.96,26.73
3443.96,26.73
3444.96,26.72
3445.96,26.74
3446.96,26.72
3447.96,26.7
3448.96,26.7
3449.96,26.71
3450.96,26.76
3451.96,26.74
3452.96,26.73
3453.96,26.74
3454.96,26.71
3455.96,26.7
3456.96,26.74
3457.96,26.72
3458.96,26.75
3459.96,26.74
3460.96,26.76
3461.96,26.75
3462.96,26.79
3463.96,26.69
3464.96,26.73
3465.96,26.7
3466.96,26.73
3467.96,26.7
3468.96,26.74
3469.96,26.76
3470.96,26.73
3471.96,26.74
3472.96,26.72
3473.96,26.74
3474.97,26.72
3475.97,26.77
3476.97,26.73
3477.97,26.73
3478.97,26.73
3479.97,26.75
3480.97,26.74
3481.97,26.76
3482.97,26.72
3483.97,26.71
3484.97,26.76
3485.97,26.75
3486.97,26.79
3487.97,26.75
3488.97,26.75
3489.97,26.76
3490.97,26.75
3491.97,26.77
3492.97,26.74
3493.97,26.79
3494.97,26.72
3495.97,26.74
3496.97,26.76
3497.97,26.74
3498.97,26.74
3499.97,26.76
3500.97,26.75
3501.97,26.77
3502.97,26.78
3503.97,26.76
3504.97,26.78
3505.97,26.72
3506.97,26.78
3507.97,26.73
3508.97,26.75
3509.97,26.76
3510.98,26.78
3511.98,26.78
3512.98,26.75
3513.98,26.74
3514.98,26.74
3515.98,26.77
3516.98,26.78
3517.98,26.77
3518.98,26.76
3519.98,26.74
3520.98,26.73
3521.98,26.74
3522.98,26.74
3523.98,26.74
3524.98,26.78
3525.98,26.77
3526.98,26.77
3527.98,26.75
3528.98,26.78
3529.98,26.77
3530.98,26.78
3531.98,26.76
3532.98,26.76
3533.98,26.77
3534.98,26.76
3535.98,26.78
3536.98,26.77
3537.98,26.76
3538.98,26.76
3539.98,26.75
3540.98,26.79
3541.98,26.79
3542.98,26.77
3543.98,26.78
3544.98,26.78
3545.98,26.77
3546.99,26.76
3547.99,26.79
3548.99,26.79
3549.99,26.76
3550.99,26.76
3551.99,26.78
3552.99,26.76
3553.99,26.75
3554.99,26.76
3555.99,26.77
3556.99,26.78
3557.99,26.79
3558.99,26.8
3559.99,26.82
3560.99,26.77
3561.99,26.79
3562.99,26.77
3563.99,26.78
3564.99,26.78
3565.99,26.8
3566.99,26.81
3567.99,26.82
3568.99,26.79
3569.99,26.79
3570.99,26.77
3571.99,26.81
3572.99,26.78
3573.99,26.81
3574.99,26.78
3575.99,26.8
3576.99,26.81
3577.99,26.79
3578.99,26.77
3579.99,26.8
3580.99,26.77
3581.99,26.81
3583.0,26.8
3584.0,26.8
3585.0,26.79
3586.0,26.78
3587.0,26.77
3588.0,26.76
3589.0,26.82
3590.0,26.8
3591.0,26.8
3592.0,26.77
3593.0,26.82
3594.0,26.81
3595.0,26.82
3596.0,26.77
3597.0,26.8
3598.0,26.79
3599.0,26.78
3600.0,26.78
