timestamp,displacement_D-01_mm
0.0,10.08
1.0,10.03
2.0,10.0
3.0,10.06
4.0,10.07
5.0,10.08
6.0,10.08
7.0,10.07
8.0,10.22
9.0,10.22
10.0,10.14
11.0,10.26
12.0,10.25
13.0,10.28
14.0,10.27
15.0,10.19
16.0,10.35
17.0,10.35
18.01,10.37
19.01,10.38
20.01,10.34
21.01,10.41
22.01,10.5
23.01,10.44
24.01,10.49
25.01,10.48
26.01,10.5
27.01,10.57
28.01,10.53
29.01,10.54
30.01,10.63
31.01,10.6
32.01,10.57
33.01,10.61
34.01,10.62
35.01,10.77
36.01,10.79
37.01,10.76
38.01,10.74
39.01,10.76
40.01,10.79
41.01,10.77
42.01,10.84
43.01,10.82
44.01,10.89
45.01,10.94
46.01,10.88
47.01,10.93
48.01,10.88
49.01,10.86
50.01,11.01
51.01,10.92
52.01,11.02
53.01,11.03
54.02,11.07
55.02,10.99
56.02,11.1
57.02,11.19
58.02,11.0
59.02,11.06
60.02,11.16
61.02,11.14
62.02,11.18
63.02,11.2
64.02,11.21
65.02,11.12
66.02,11.25
67.02,11.14
68.02,11.29
69.02,11.25
70.02,11.34
71.02,11.29
72.02,11.39
73.02,11.39
74.02,11.31
75.02,11.29
76.02,11.4
77.02,11.42
78.02,11.44
79.02,11.47
80.02,11.38
81.02,11.42
82.02,11.51
83.02,11.48
84.02,11.5
85.02,11.52
86.02,11.55
87.02,11.46
88.02,11.57
89.02,11.57
90.03,11.5
91.03,11.57
92.03,11.64
93.03,11.59
94.03,11.56
95.03,11.6
96.03,11.63
97.03,11.57
98.03,11.67
99.03,11.69
100.03,11.73
101.03,11.72
102.03,11.67
103.03,11.68
104.03,11.77
105.03,11.73
106.03,11.71
107.03,11.77
108.03,11.74
109.03,11.74
110.03,11.85
111.03,11.77
112.03,11.73
113.03,11.81
114.03,11.87
115.03,11.84
116.03,11.73
117.03,11.82
118.03,11.83
119.03,11.89
120.03,11.87
121.03,11.79
122.03,11.83
123.03,11.89
124.03,11.91
125.03,11.93
126.04,11.96
127.04,11.98
128.04,11.9
129.04,11.89
130.04,11.91
131.04,11.89
132.04,12.01
133.04,11.94
134.04,11.89
135.04,11.9
136.04,11.97
137.04,11.91
138.04,12.03
139.04,11.94
140.04,11.97
141.04,11.99
142.04,12.0
143.04,11.95
144.04,11.98
145.04,12.03
146.04,12.13
147.04,11.99
148.04,12.01
149.04,12.0
150.04,12.03
151.04,12.04
152.04,12.0
153.04,11.98
154.04,11.99
155.04,12.03
156.04,12.01
157.04,11.97
158.04,12.06
159.04,12.02
160.04,12.08
161.04,12.01
162.05,11.9
163.05,12.02
164.05,11.87
165.05,11.96
166.05,11.87
167.05,12.02
168.05,11.95
169.05,12.02
170.05,11.88
171.05,11.99
172.05,12.01
173.05,11.94
174.05,12.03
175.05,11.97
176.05,11.96
177.05,11.98
178.05,12.05
179.05,11.95
180.05,11.96
181.05,11.94
182.05,11.94
183.05,11.85
184.05,11.93
185.05,11.89
186.05,11.88
187.05,11.84
188.05,11.97
189.05,11.91
190.05,11.85
191.05,11.88
192.05,11.87
193.05,11.86
194.05,11.84
195.05,11.9
196.05,11.86
197.05,11.89
198.06,11.83
199.06,11.85
200.06,11.75
201.06,11.88
202.06,11.85
203.06,11.73
204.06,11.82
205.06,11.77
206.06,11.71
207.06,11.75
208.06,11.71
209.06,11.72
210.06,11.78
211.06,11.69
212.06,11.74
213.06,11.7
214.06,11.58
215.06,11.58
216.06,11.66
217.06,11.66
218.06,11.61
219.06,11.61
220.06,11.66
221.06,11.62
222.06,11.64
223.06,11.61
224.06,11.59
225.06,11.54
226.06,11.6
227.06,11.6
228.06,11.47
229.06,11.47
230.06,11.45
231.06,11.47
232.06,11.45
233.06,11.49
234.07,11.45
235.07,11.37
236.07,11.44
237.07,11.4
238.07,11.43
239.07,11.37
240.07,11.31
241.07,11.42
242.07,11.32
243.07,11.29
244.07,11.33
245.07,11.24
246.07,11.22
247.07,11.25
248.07,11.32
249.07,11.14
250.07,11.19
251.07,11.3
252.07,11.13
253.07,11.27
254.07,11.15
255.07,11.06
256.07,11.15
257.07,11.09
258.07,11.09
259.07,11.03
260.07,11.0
261.07,10.96
262.07,11.04
263.07,10.88
264.07,10.98
265.07,10.89
266.07,10.93
267.07,10.9
268.07,10.92
269.07,10.85
270.08,10.88
271.08,10.79
272.08,10.85
273.08,10.83
274.08,10.78
275.08,10.75
276.08,10.67
277.08,10.67
278.08,10.78
279.08,10.73
280.08,10.65
281.08,10.63
282.08,10.67
283.08,10.51
284.08,10.54
285.08,10.58
286.08,10.57
287.08,10.55
288.08,10.5
289.08,10.46
290.08,10.49
291.08,10.47
292.08,10.46
293.08,10.45
294.08,10.33
295.08,10.47
296.08,10.38
297.08,10.34
298.08,10.28
299.08,10.28
300.08,10.26
301.08,10.28
302.08,10.2
303.08,10.28
304.08,10.15
305.08,10.15
306.09,10.17
307.09,10.13
308.09,10.07
309.09,10.07
310.09,10.09
311.09,10.14
312.09,10.07
313.09,9.96
314.09,9.98
315.09,10.07
316.09,9.95
317.09,9.8
318.09,9.91
319.09,9.87
320.09,9.87
321.09,9.82
322.09,9.94
323.09,9.81
324.09,9.86
325.09,9.82
326.09,9.73
327.09,9.84
328.09,9.72
329.09,9.53
330.09,9.69
331.09,9.67
332.09,9.68
333.09,9.68
334.09,9.65
335.09,9.67
336.09,9.58
337.09,9.55
338.09,9.51
339.09,9.45
340.09,9.49
341.09,9.45
342.1,9.52
343.1,9.51
344.1,9.33
345.1,9.33
346.1,9.41
347.1,9.39
348.1,9.38
349.1,9.32
350.1,9.25
351.1,9.25
352.1,9.22
353.1,9.29
354.1,9.23
355.1,9.17
356.1,9.19
357.1,9.12
358.1,9.18
359.1,9.17
360.1,9.04
361.1,9.07
362.1,9.06
363.1,9.13
364.1,9.05
365.1,8.99
366.1,8.96
367.1,8.91
368.1,8.99
369.1,8.88
370.1,8.86
371.1,8.82
372.1,8.97
373.1,8.89
374.1,8.89
375.1,8.87
376.1,8.83
377.1,8.74
378.11,8.78
379.11,8.78
380.11,8.65
381.11,8.73
382.11,8.76
383.11,8.68
384.11,8.72
385.11,8.72
386.11,8.7
387.11,8.64
388.11,8.61
389.11,8.64
390.11,8.57
391.11,8.61
392.11,8.54
393.11,8.64
394.11,8.57
395.11,8.53
396.11,8.56
397.11,8.46
398.11,8.52
399.11,8.53
400.11,8.58
401.11,8.46
402.11,8.51
403.11,8.57
404.11,8.48
405.11,8.46
406.11,8.39
407.11,8.43
408.11,8.44
409.11,8.38
410.11,8.37
411.11,8.35
412.11,8.37
413.11,8.28
414.12,8.32
415.12,8.26
416.12,8.2
417.12,8.34
418.12,8.28
419.12,8.23
420.12,8.27
421.12,8.23
422.12,8.23
423.12,8.28
424.12,8.17
425.12,8.21
426.12,8.17
427.12,8.21
428.12,8.17
429.12,8.17
430.12,8.17
431.12,8.19
432.12,8.12
433.12,8.23
434.12,8.15
435.12,8.04
436.12,8.18
437.12,8.08
438.12,8.13
439.12,8.13
440.12,8.19
441.12,8.12
442.12,8.1
443.12,8.03
444.12,8.07
445.12,7.94
446.12,8.06
447.12,8.17
448.12,8.01
449.12,8.06
450.13,8.09
451.13,8.08
452.13,7.97
453.13,8.09
454.13,8.06
455.13,8.04
456.13,7.99
457.13,7.96
458.13,7.95
459.13,8.03
460.13,8.07
461.13,8.04
462.13,7.96
463.13,8.03
464.13,8.13
465.13,8.02
466.13,8.02
467.13,7.95
468.13,7.97
469.13,7.98
470.13,7.98
471.13,8.06
472.13,7.9
473.13,8.03
474.13,8.0
475.13,7.96
476.13,8.1
477.13,7.96
478.13,8.07
479.13,8.0
480.13,8.07
481.13,8.06
482.13,8.01
483.13,7.91
484.13,7.92
485.13,8.05
486.14,7.99
487.14,7.93
488.14,8.07
489.14,8.05
490.14,7.93
491.14,8.09
492.14,8.13
493.14,8.01
494.14,8.03
495.14,8.12
496.14,8.03
497.14,8.08
498.14,8.12
499.14,8.07
500.14,8.11
501.14,8.07
502.14,8.04
503.14,8.15
504.14,8.11
505.14,8.07
506.14,8.1
507.14,8.09
508.14,8.11
509.14,8.15
510.14,8.2
511.14,8.16
512.14,8.12
513.14,8.15
514.14,8.21
515.14,8.27
516.14,8.25
517.14,8.22
518.14,8.22
519.14,8.24
520.14,8.22
521.14,8.18
522.15,8.27
523.15,8.25
524.15,8.15
525.15,8.27
526.15,8.26
527.15,8.27
528.15,8.35
529.15,8.33
530.15,8.39
531.15,8.34
532.15,8.36
533.15,8.4
534.15,8.41
535.15,8.45
536.15,8.48
537.15,8.44
538.15,8.41
539.15,8.47
540.15,8.44
541.15,8.46
542.15,8.4
543.15,8.48
544.15,8.55
545.15,8.51
546.15,8.55
547.15,8.56
548.15,8.6
549.15,8.55
550.15,8.55
551.15,8.52
552.15,8.63
553.15,8.62
554.15,8.56
555.15,8.66
556.15,8.66
557.15,8.65
558.16,8.6
559.16,8.72
560.16,8.65
561.16,8.8
562.16,8.82
563.16,8.83
564.16,8.84
565.16,8.92
566.16,8.88
567.16,8.88
568.16,8.88
569.16,8.87
570.16,8.95
571.16,8.98
572.16,9.02
573.16,8.95
574.16,9.07
575.16,8.94
576.16,9.03
577.16,9.0
578.16,9.06
579.16,9.03
580.16,9.07
581.16,9.08
582.16,9.05
583.16,9.1
584.16,9.17
585.16,9.14
586.16,9.21
587.16,9.31
588.16,9.15
589.16,9.31
590.16,9.16
591.16,9.29
592.16,9.28
593.16,9.38
594.17,9.35
595.17,9.28
596.17,9.4
597.17,9.44
598.17,9.4
599.17,9.41
600.17,9.46
601.17,9.45
602.17,9.54
603.17,9.41
604.17,9.53
605.17,9.53
606.17,9.66
607.17,9.64
608.17,9.6
609.17,9.69
610.17,9.72
611.17,9.6
612.17,9.72
613.17,9.72
614.17,9.68
615.17,9.83
616.17,9.88
617.17,9.82
618.17,9.78
619.17,9.86
620.17,9.82
621.17,9.86
622.17,9.96
623.17,9.88
624.17,9.97
625.17,9.9
626.17,9.91
627.17,10.04
628.17,10.1
629.17,10.02
630.18,10.06
631.18,10.13
632.18,10.1
633.18,10.07
634.18,10.13
635.18,10.08
636.18,10.15
637.18,10.15
638.18,10.07
639.18,10.2
640.18,10.29
641.18,10.29
642.18,10.2
643.18,10.26
644.18,10.26
645.18,10.21
646.18,10.39
647.18,10.42
648.18,10.35
649.18,10.3
650.18,10.39
651.18,10.48
652.18,10.41
653.18,10.43
654.18,10.52
655.18,10.56
656.18,10.6
657.18,10.6
658.18,10.53
659.18,10.65
660.18,10.61
661.18,10.56
662.18,10.66
663.18,10.64
664.18,10.71
665.18,10.75
666.19,10.78
667.19,10.74
668.19,10.73
669.19,10.77
670.19,10.8
671.19,10.84
672.19,10.85
673.19,10.88
674.19,10.83
675.19,10.89
676.19,10.85
677.19,10.91
678.19,11.01
679.19,10.98
680.19,10.99
681.19,10.99
682.19,11.06
683.19,10.98
684.19,11.12
685.19,11.14
686.19,11.09
687.19,11.07
688.19,11.11
689.19,11.17
690.19,11.14
691.19,11.23
692.19,11.22
693.19,11.22
694.19,11.22
695.19,11.29
696.19,11.25
697.19,11.19
698.19,11.3
699.19,11.27
700.19,11.22
701.19,11.25
702.2,11.41
703.2,11.37
704.2,11.38
705.2,11.33
706.2,11.36
707.2,11.49
708.2,11.43
709.2,11.41
710.2,11.47
711.2,11.49
712.2,11.48
713.2,11.54
714.2,11.52
715.2,11.63
716.2,11.53
717.2,11.57
718.2,11.56
719.2,11.66
720.2,11.6
721.2,11.63
722.2,11.66
723.2,11.65
724.2,11.6
725.2,11.63
726.2,11.63
727.2,11.71
728.2,11.69
729.2,11.7
730.2,11.65
731.2,11.72
732.2,11.59
733.2,11.78
734.2,11.74
735.2,11.7
736.2,11.85
737.2,11.77
738.21,11.73
739.21,11.8
740.21,11.74
741.21,11.86
742.21,11.74
743.21,11.79
744.21,11.76
745.21,11.8
746.21,11.83
747.21,11.84
748.21,11.89
749.21,11.87
750.21,11.94
751.21,11.86
752.21,11.85
753.21,11.93
754.21,11.94
755.21,11.91
756.21,11.89
757.21,11.97
758.21,11.95
759.21,11.96
760.21,11.94
761.21,11.96
762.21,11.94
763.21,11.93
764.21,11.97
765.21,12.0
766.21,11.98
767.21,11.94
768.21,12.02
769.21,11.95
770.21,11.97
771.21,11.95
772.21,12.02
773.21,11.99
774.22,11.98
775.22,12.0
776.22,11.94
777.22,12.03
778.22,12.07
779.22,12.03
780.22,12.04
781.22,12.03
782.22,12.01
783.22,12.03
784.22,12.0
785.22,12.07
786.22,12.02
787.22,12.04
788.22,11.97
789.22,11.95
790.22,12.01
791.22,12.03
792.22,11.93
793.22,12.01
794.22,11.95
795.22,11.93
796.22,12.04
797.22,11.92
798.22,11.92
799.22,11.98
800.22,11.99
801.22,11.95
802.22,11.94
803.22,12.04
804.22,11.95
805.22,11.95
806.22,11.98
807.22,11.98
808.22,12.01
809.22,12.04
810.23,11.85
811.23,11.91
812.23,11.94
813.23,11.95
814.23,11.87
815.23,11.84
816.23,11.91
817.23,11.95
818.23,11.93
819.23,11.9
820.23,11.84
821.23,11.95
822.23,11.86
823.23,11.87
824.23,11.98
825.23,11.81
826.23,11.84
827.23,11.83
828.23,11.86
829.23,11.84
830.23,11.77
831.23,11.78
832.23,11.81
833.23,11.85
834.23,11.75
835.23,11.72
836.23,11.8
837.23,11.77
838.23,11.71
839.23,11.66
840.23,11.79
841.23,11.67
842.23,11.73
843.23,11.62
844.23,11.61
845.23,11.66
846.24,11.58
847.24,11.59
848.24,11.63
849.24,11.61
850.24,11.61
851.24,11.66
852.24,11.61
853.24,11.52
854.24,11.66
855.24,11.61
856.24,11.52
857.24,11.55
858.24,11.44
859.24,11.38
860.24,11.41
861.24,11.44
862.24,11.51
863.24,11.53
864.24,11.37
865.24,11.4
866.24,11.33
867.24,11.34
868.24,11.36
869.24,11.38
870.24,11.34
871.24,11.24
872.24,11.27
873.24,11.31
874.24,11.31
875.24,11.37
876.24,11.22
877.24,11.21
878.24,11.21
879.24,11.17
880.24,11.17
881.24,11.06
882.25,11.23
883.25,11.09
884.25,11.09
885.25,11.05
886.25,11.08
887.25,11.09
888.25,11.08
889.25,10.97
890.25,11.06
891.25,11.0
892.25,11.0
893.25,10.89
894.25,10.9
895.25,11.03
896.25,10.86
897.25,10.87
898.25,10.86
899.25,10.87
900.25,10.85
901.25,10.78
902.25,10.81
903.25,10.78
904.25,10.81
905.25,10.68
906.25,10.82
907.25,10.62
908.25,10.64
909.25,10.59
910.25,10.65
911.25,10.59
912.25,10.67
913.25,10.62
914.25,10.57
915.25,10.52
916.25,10.42
917.25,10.55
918.26,10.49
919.26,10.43
920.26,10.52
921.26,10.43
922.26,10.53
923.26,10.36
924.26,10.4
925.26,10.36
926.26,10.32
927.26,10.27
928.26,10.28
929.26,10.32
930.26,10.27
931.26,10.22
932.26,10.2
933.26,10.15
934.26,10.12
935.26,10.15
936.26,10.12
937.26,10.13
938.26,10.06
939.26,9.99
940.26,10.07
941.26,10.0
942.26,9.94
943.26,9.92
944.26,9.94
945.26,9.89
946.26,9.83
947.26,9.9
948.26,9.93
949.26,9.88
950.26,9.83
951.26,9.79
952.26,9.79
953.26,9.75
954.27,9.8
955.27,9.66
956.27,9.74
957.27,9.72
958.27,9.71
959.27,9.73
960.27,9.62
961.27,9.68
962.27,9.53
963.27,9.57
964.27,9.56
965.27,9.43
966.27,9.58
967.27,9.47
968.27,9.46
969.27,9.5
970.27,9.42
971.27,9.45
972.27,9.42
973.27,9.45
974.27,9.4
975.27,9.37
976.27,9.36
977.27,9.28
978.27,9.28
979.27,9.27
980.27,9.26
981.27,9.28
982.27,9.15
983.27,9.29
984.27,9.22
985.27,9.16
986.27,9.29
987.27,9.13
988.27,9.05
989.27,9.1
990.28,9.04
991.28,9.12
992.28,9.05
993.28,9.06
994.28,8.98
995.28,8.97
996.28,8.95
997.28,8.91
998.28,8.92
999.28,8.89
1000.28,8.93
1001.28,8.89
1002.28,8.78
1003.28,8.83
1004.28,8.87
1005.28,8.81
1006.28,8.88
1007.28,8.8
1008.28,8.75
1009.28,8.76
1010.28,8.64
1011.28,8.63
1012.28,8.8
1013.28,8.7
1014.28,8.72
1015.28,8.78
1016.28,8.6
1017.28,8.59
1018.28,8.62
1019.28,8.5
1020.28,8.66
1021.28,8.67
1022.28,8.59
1023.28,8.59
1024.28,8.63
1025.28,8.46
1026.29,8.55
1027.29,8.53
1028.29,8.48
1029.29,8.46
1030.29,8.47
1031.29,8.42
1032.29,8.48
1033.29,8.34
1034.29,8.45
1035.29,8.44
1036.29,8.36
1037.29,8.36
1038.29,8.35
1039.29,8.38
1040.29,8.32
1041.29,8.35
1042.29,8.26
1043.29,8.33
1044.29,8.24
1045.29,8.29
1046.29,8.26
1047.29,8.32
1048.29,8.18
1049.29,8.29
1050.29,8.25
1051.29,8.22
1052.29,8.25
1053.29,8.13
1054.29,8.24
1055.29,8.27
1056.29,8.28
1057.29,8.11
1058.29,8.13
1059.29,8.22
1060.29,8.15
1061.29,8.1
1062.3,8.1
1063.3,8.13
1064.3,8.1
1065.3,8.02
1066.3,8.05
1067.3,8.02
1068.3,8.06
1069.3,8.14
1070.3,8.0
1071.3,8.01
1072.3,8.06
1073.3,8.14
1074.3,8.1
1075.3,8.04
1076.3,8.02
1077.3,8.08
1078.3,8.02
1079.3,8.09
1080.3,8.14
1081.3,8.12
1082.3,7.95
1083.3,8.0
1084.3,7.97
1085.3,8.02
1086.3,8.0
1087.3,8.02
1088.3,8.02
1089.3,8.02
1090.3,8.03
1091.3,8.07
1092.3,8.06
1093.3,7.98
1094.3,7.93
1095.3,8.01
1096.3,8.02
1097.3,7.96
1098.31,7.95
1099.31,7.92
1100.31,8.02
1101.31,8.03
1102.31,7.93
1103.31,8.03
1104.31,7.97
1105.31,7.97
1106.31,8.02
1107.31,7.99
1108.31,8.07
1109.31,8.04
1110.31,8.12
1111.31,8.08
1112.31,8.13
1113.31,7.95
1114.31,8.08
1115.31,8.11
1116.31,8.07
1117.31,8.0
1118.31,8.04
1119.31,8.09
1120.31,8.03
1121.31,8.07
1122.31,8.07
1123.31,8.0
1124.31,8.05
1125.31,8.07
1126.31,8.09
1127.31,8.07
1128.31,8.09
1129.31,8.15
1130.31,8.1
1131.31,8.17
1132.31,8.18
1133.31,8.2
1134.32,8.09
1135.32,8.12
1136.32,8.25
1137.32,8.12
1138.32,8.16
1139.32,8.22
1140.32,8.21
1141.32,8.1
1142.32,8.21
1143.32,8.24
1144.32,8.27
1145.32,8.19
1146.32,8.29
1147.32,8.22
1148.32,8.25
1149.32,8.24
1150.32,8.27
1151.32,8.31
1152.32,8.25
1153.32,8.29
1154.32,8.19
1155.32,8.23
1156.32,8.36
1157.32,8.35
1158.32,8.29
1159.32,8.47
1160.32,8.37
1161.32,8.39
1162.32,8.41
1163.32,8.43
1164.32,8.34
1165.32,8.5
1166.32,8.43
1167.32,8.45
1168.32,8.47
1169.32,8.48
1170.33,8.49
1171.33,8.52
1172.33,8.54
1173.33,8.54
1174.33,8.57
1175.33,8.57
1176.33,8.52
1177.33,8.56
1178.33,8.61
1179.33,8.6
1180.33,8.67
1181.33,8.62
1182.33,8.59
1183.33,8.64
1184.33,8.61
1185.33,8.67
1186.33,8.76
1187.33,8.76
1188.33,8.74
1189.33,8.79
1190.33,8.77
1191.33,8.85
1192.33,8.75
1193.33,8.75
1194.33,8.75
1195.33,8.85
1196.33,8.94
1197.33,8.83
1198.33,8.91
1199.33,8.95
1200.33,8.97
1201.33,8.9
1202.33,9.02
1203.33,8.94
1204.33,8.99
1205.33,9.0
1206.34,9.01
1207.34,9.11
1208.34,8.99
1209.34,9.08
1210.34,9.1
1211.34,9.15
1212.34,9.2
1213.34,9.26
1214.34,9.14
1215.34,9.13
1216.34,9.26
1217.34,9.3
1218.34,9.3
1219.34,9.23
1220.34,9.26
1221.34,9.35
1222.34,9.18
1223.34,9.33
1224.34,9.28
1225.34,9.46
1226.34,9.38
1227.34,9.42
1228.34,9.38
1229.34,9.44
1230.34,9.54
1231.34,9.59
1232.34,9.55
1233.34,9.58
1234.34,9.58
1235.34,9.54
1236.34,9.55
1237.34,9.6
1238.34,9.71
1239.34,9.61
1240.34,9.68
1241.34,9.79
1242.35,9.8
1243.35,9.76
1244.35,9.73
1245.35,9.8
1246.35,9.81
1247.35,9.74
1248.35,9.83
1249.35,9.89
1250.35,9.83
1251.35,9.88
1252.35,9.89
1253.35,9.98
1254.35,9.95
1255.35,10.04
1256.35,9.98
1257.35,10.0
1258.35,10.02
1259.35,10.0
1260.35,10.12
1261.35,10.09
1262.35,10.0
1263.35,10.21
1264.35,10.13
1265.35,10.1
1266.35,10.23
1267.35,10.22
1268.35,10.32
1269.35,10.24
1270.35,10.21
1271.35,10.29
1272.35,10.36
1273.35,10.37
1274.35,10.41
1275.35,10.34
1276.35,10.43
1277.35,10.5
1278.36,10.52
1279.36,10.48
1280.36,10.46
1281.36,10.46
1282.36,10.55
1283.36,10.56
1284.36,10.59
1285.36,10.62
1286.36,10.54
1287.36,10.62
1288.36,10.68
1289.36,10.67
1290.36,10.7
1291.36,10.77
1292.36,10.65
1293.36,10.72
1294.36,10.72
1295.36,10.69
1296.36,10.84
1297.36,10.83
1298.36,10.67
1299.36,10.81
1300.36,10.82
1301.36,10.87
1302.36,10.81
1303.36,10.89
1304.36,10.99
1305.36,10.92
1306.36,11.01
1307.36,10.97
1308.36,10.97
1309.36,11.01
1310.36,11.05
1311.36,10.98
1312.36,11.11
1313.36,11.11
1314.37,11.03
1315.37,11.13
1316.37,11.15
1317.37,11.18
1318.37,11.18
1319.37,11.19
1320.37,11.08
1321.37,11.25
1322.37,11.14
1323.37,11.21
1324.37,11.22
1325.37,11.3
1326.37,11.32
1327.37,11.34
1328.37,11.38
1329.37,11.38
1330.37,11.43
1331.37,11.32
1332.37,11.49
1333.37,11.37
1334.37,11.36
1335.37,11.43
1336.37,11.47
1337.37,11.46
1338.37,11.4
1339.37,11.56
1340.37,11.55
1341.37,11.51
1342.37,11.4
1343.37,11.46
1344.37,11.5
1345.37,11.47
1346.37,11.67
1347.37,11.65
1348.37,11.51
1349.37,11.67
1350.38,11.58
1351.38,11.62
1352.38,11.71
1353.38,11.64
1354.38,11.63
1355.38,11.7
1356.38,11.73
1357.38,11.75
1358.38,11.71
1359.38,11.65
1360.38,11.83
1361.38,11.69
1362.38,11.69
1363.38,11.68
1364.38,11.88
1365.38,11.75
1366.38,11.82
1367.38,11.9
1368.38,11.78
1369.38,11.82
1370.38,11.89
1371.38,11.85
1372.38,11.77
1373.38,11.83
1374.38,11.81
1375.38,11.77
1376.38,11.89
1377.38,11.91
1378.38,11.89
1379.38,11.83
1380.38,11.9
1381.38,11.94
1382.38,11.88
1383.38,11.84
1384.38,11.88
1385.38,11.89
1386.39,11.96
1387.39,11.95
1388.39,11.91
1389.39,11.93
1390.39,11.94
1391.39,12.03
1392.39,11.92
1393.39,12.07
1394.39,12.0
1395.39,12.07
1396.39,11.84
1397.39,11.97
1398.39,11.99
1399.39,11.9
1400.39,11.85
1401.39,11.97
1402.39,11.99
1403.39,11.97
1404.39,12.01
1405.39,11.95
1406.39,12.04
1407.39,12.05
1408.39,12.0
1409.39,11.9
1410.39,12.04
1411.39,12.09
1412.39,11.99
1413.39,12.0
1414.39,12.01
1415.39,11.91
1416.39,11.92
1417.39,12.02
1418.39,12.0
1419.39,12.01
1420.39,12.0
1421.39,12.04
1422.4,12.01
1423.4,11.98
1424.4,11.94
1425.4,12.02
1426.4,11.88
1427.4,11.96
1428.4,11.99
1429.4,11.92
1430.4,11.92
1431.4,12.02
1432.4,11.89
1433.4,11.99
1434.4,12.01
1435.4,11.98
1436.4,11.92
1437.4,11.93
1438.4,11.94
1439.4,11.99
1440.4,11.89
1441.4,11.8
1442.4,11.98
1443.4,11.96
1444.4,11.78
1445.4,11.91
1446.4,11.96
1447.4,11.88
1448.4,11.92
1449.4,11.82
1450.4,11.88
1451.4,11.94
1452.4,11.81
1453.4,11.85
1454.4,11.82
1455.4,11.86
1456.4,11.79
1457.4,11.8
1458.41,11.76
1459.41,11.84
1460.41,11.76
1461.41,11.74
1462.41,11.76
1463.41,11.77
1464.41,11.72
1465.41,11.72
1466.41,11.7
1467.41,11.79
1468.41,11.72
1469.41,11.69
1470.41,11.63
1471.41,11.71
1472.41,11.65
1473.41,11.67
1474.41,11.66
1475.41,11.59
1476.41,11.67
1477.41,11.7
1478.41,11.57
1479.41,11.65
1480.41,11.57
1481.41,11.53
1482.41,11.51
1483.41,11.51
1484.41,11.5
1485.41,11.46
1486.41,11.47
1487.41,11.5
1488.41,11.49
1489.41,11.54
1490.41,11.42
1491.41,11.41
1492.41,11.4
1493.41,11.43
1494.42,11.36
1495.42,11.32
1496.42,11.31
1497.42,11.27
1498.42,11.39
1499.42,11.36
1500.42,11.29
1501.42,11.28
1502.42,11.25
1503.42,11.38
1504.42,11.16
1505.42,11.1
1506.42,11.13
1507.42,11.13
1508.42,11.23
1509.42,11.13
1510.42,11.12
1511.42,11.13
1512.42,11.06
1513.42,11.11
1514.42,10.99
1515.42,11.14
1516.42,11.0
1517.42,11.03
1518.42,10.99
1519.42,10.92
1520.42,10.95
1521.42,10.99
1522.42,10.85
1523.42,10.87
1524.42,10.94
1525.42,10.78
1526.42,10.91
1527.42,10.84
1528.42,10.84
1529.42,10.72
1530.43,10.79
1531.43,10.76
1532.43,10.77
1533.43,10.69
1534.43,10.58
1535.43,10.66
1536.43,10.6
1537.43,10.63
1538.43,10.57
1539.43,10.65
1540.43,10.51
1541.43,10.64
1542.43,10.56
1543.43,10.47
1544.43,10.54
1545.43,10.54
1546.43,10.55
1547.43,10.44
1548.43,10.42
1549.43,10.46
1550.43,10.34
1551.43,10.48
1552.43,10.44
1553.43,10.3
1554.43,10.31
1555.43,10.24
1556.43,10.4
1557.43,10.24
1558.43,10.22
1559.43,10.24
1560.43,10.21
1561.43,10.17
1562.43,10.23
1563.43,10.22
1564.43,10.14
1565.43,10.13
1566.44,10.08
1567.44,10.1
1568.44,10.13
1569.44,9.99
1570.44,9.98
1571.44,10.05
1572.44,9.89
1573.44,9.94
1574.44,9.96
1575.44,9.95
1576.44,9.91
1577.44,9.82
1578.44,9.88
1579.44,9.9
1580.44,9.79
1581.44,9.68
1582.44,9.84
1583.44,9.76
1584.44,9.79
1585.44,9.62
1586.44,9.71
1587.44,9.68
1588.44,9.55
1589.44,9.61
1590.44,9.52
1591.44,9.58
1592.44,9.55
1593.44,9.51
1594.44,9.51
1595.44,9.5
1596.44,9.49
1597.44,9.41
1598.44,9.47
1599.44,9.46
1600.44,9.4
1601.44,9.3
1602.45,9.4
1603.45,9.4
1604.45,9.37
1605.45,9.34
1606.45,9.39
1607.45,9.24
1608.45,9.34
1609.45,9.27
1610.45,9.15
1611.45,9.18
1612.45,9.18
1613.45,9.18
1614.45,9.07
1615.45,9.2
1616.45,9.14
1617.45,9.06
1618.45,9.08
1619.45,9.0
1620.45,9.09
1621.45,9.01
1622.45,9.03
1623.45,9.05
1624.45,9.04
1625.45,8.95
1626.45,8.99
1627.45,8.97
1628.45,8.88
1629.45,8.91
1630.45,8.94
1631.45,8.87
1632.45,8.81
1633.45,8.75
1634.45,8.8
1635.45,8.86
1636.45,8.8
1637.45,8.76
1638.46,8.75
1639.46,8.75
1640.46,8.82
1641.46,8.73
1642.46,8.65
1643.46,8.61
1644.46,8.68
1645.46,8.63
1646.46,8.64
1647.46,8.61
1648.46,8.63
1649.46,8.62
1650.46,8.65
1651.46,8.52
1652.46,8.54
1653.46,8.55
1654.46,8.52
1655.46,8.45
1656.46,8.54
1657.46,8.48
1658.46,8.41
1659.46,8.52
1660.46,8.43
1661.46,8.42
1662.46,8.47
1663.46,8.41
1664.46,8.42
1665.46,8.4
1666.46,8.38
1667.46,8.43
1668.46,8.4
1669.46,8.31
1670.46,8.19
1671.46,8.3
1672.46,8.35
1673.46,8.21
1674.47,8.33
1675.47,8.25
1676.47,8.34
1677.47,8.27
1678.47,8.36
1679.47,8.23
1680.47,8.22
1681.47,8.24
1682.47,8.19
1683.47,8.12
1684.47,8.1
1685.47,8.25
1686.47,8.14
1687.47,8.14
1688.47,8.25
1689.47,8.11
1690.47,8.2
1691.47,8.13
1692.47,8.1
1693.47,8.06
1694.47,8.15
1695.47,8.09
1696.47,8.09
1697.47,8.06
1698.47,8.1
1699.47,8.08
1700.47,8.13
1701.47,8.04
1702.47,7.98
1703.47,8.07
1704.47,8.13
1705.47,8.02
1706.47,8.04
1707.47,8.02
1708.47,8.06
1709.47,8.06
1710.48,8.08
1711.48,8.06
1712.48,8.08
1713.48,8.14
1714.48,8.13
1715.48,7.96
1716.48,7.99
1717.48,8.0
1718.48,8.05
1719.48,7.93
1720.48,8.05
1721.48,8.0
1722.48,8.0
1723.48,7.97
1724.48,8.04
1725.48,7.95
1726.48,7.95
1727.48,7.98
1728.48,7.96
1729.48,8.01
1730.48,8.04
1731.48,7.94
1732.48,8.08
1733.48,7.95
1734.48,8.02
1735.48,8.08
1736.48,8.03
1737.48,7.98
1738.48,8.08
1739.48,7.99
1740.48,8.11
1741.48,8.0
1742.48,8.01
1743.48,7.92
1744.48,8.02
1745.48,7.98
1746.49,8.04
1747.49,8.01
1748.49,8.03
1749.49,7.95
1750.49,8.04
1751.49,8.04
1752.49,8.03
1753.49,8.05
1754.49,8.05
1755.49,8.08
1756.49,8.06
1757.49,8.13
1758.49,7.99
1759.49,8.09
1760.49,8.05
1761.49,8.13
1762.49,8.11
1763.49,8.13
1764.49,8.09
1765.49,8.19
1766.49,8.12
1767.49,8.22
1768.49,8.17
1769.49,8.18
1770.49,8.16
1771.49,8.13
1772.49,8.18
1773.49,8.22
1774.49,8.16
1775.49,8.2
1776.49,8.16
1777.49,8.28
1778.49,8.22
1779.49,8.26
1780.49,8.4
1781.49,8.3
1782.5,8.37
1783.5,8.25
1784.5,8.34
1785.5,8.45
1786.5,8.39
1787.5,8.38
1788.5,8.35
1789.5,8.41
1790.5,8.43
1791.5,8.43
1792.5,8.38
1793.5,8.42
1794.5,8.47
1795.5,8.43
1796.5,8.53
1797.5,8.5
1798.5,8.56
1799.5,8.53
1800.5,8.49
1801.5,8.55
1802.5,8.5
1803.5,8.54
1804.5,8.59
1805.5,8.57
1806.5,8.64
1807.5,8.59
1808.5,8.67
1809.5,8.67
1810.5,8.6
1811.5,8.66
1812.5,8.66
1813.5,8.62
1814.5,8.74
1815.5,8.69
1816.5,8.71
1817.5,8.71
1818.51,8.85
1819.51,8.82
1820.51,8.76
1821.51,8.78
1822.51,8.87
1823.51,8.93
1824.51,8.84
1825.51,8.91
1826.51,8.89
1827.51,8.91
1828.51,8.87
1829.51,8.97
1830.51,8.91
1831.51,9.06
1832.51,8.93
1833.51,8.98
1834.51,9.09
1835.51,9.02
1836.51,9.1
1837.51,9.18
1838.51,9.16
1839.51,9.04
1840.51,9.12
1841.51,9.19
1842.51,9.2
1843.51,9.2
1844.51,9.15
1845.51,9.17
1846.51,9.26
1847.51,9.35
1848.51,9.33
1849.51,9.27
1850.51,9.2
1851.51,9.33
1852.51,9.39
1853.51,9.42
1854.52,9.34
1855.52,9.46
1856.52,9.47
1857.52,9.48
1858.52,9.49
1859.52,9.49
1860.52,9.45
1861.52,9.59
1862.52,9.58
1863.52,9.65
1864.52,9.63
1865.52,9.65
1866.52,9.67
1867.52,9.67
1868.52,9.63
1869.52,9.75
1870.52,9.81
1871.52,9.73
1872.52,9.76
1873.52,9.84
1874.52,9.81
1875.52,9.81
1876.52,9.82
1877.52,9.9
1878.52,9.86
1879.52,9.8
1880.52,9.89
1881.52,9.88
1882.52,10.06
1883.52,9.94
1884.52,9.89
1885.52,10.0
1886.52,10.07
1887.52,10.07
1888.52,10.02
1889.52,10.09
1890.53,10.13
1891.53,10.16
1892.53,10.17
1893.53,10.13
1894.53,10.15
1895.53,10.25
1896.53,10.22
1897.53,10.27
1898.53,10.26
1899.53,10.23
1900.53,10.44
1901.53,10.33
1902.53,10.37
1903.53,10.34
1904.53,10.3
1905.53,10.4
1906.53,10.51
1907.53,10.44
1908.53,10.47
1909.53,10.54
1910.53,10.5
1911.53,10.56
1912.53,10.54
1913.53,10.58
1914.53,10.6
1915.53,10.62
1916.53,10.64
1917.53,10.65
1918.53,10.64
1919.53,10.66
1920.53,10.7
1921.53,10.71
1922.53,10.7
1923.53,10.74
1924.53,10.74
1925.53,10.73
1926.54,10.82
1927.54,10.78
1928.54,10.8
1929.54,10.87
1930.54,10.88
1931.54,10.92
1932.54,10.96
1933.54,10.89
1934.54,10.93
1935.54,10.99
1936.54,11.05
1937.54,10.98
1938.54,11.04
1939.54,11.05
1940.54,11.12
1941.54,11.14
1942.54,11.07
1943.54,11.16
1944.54,11.17
1945.54,11.15
1946.54,11.17
1947.54,11.14
1948.54,11.2
1949.54,11.15
1950.54,11.18
1951.54,11.27
1952.54,11.24
1953.54,11.21
1954.54,11.38
1955.54,11.29
1956.54,11.32
1957.54,11.42
1958.54,11.37
1959.54,11.41
1960.54,11.44
1961.54,11.46
1962.55,11.4
1963.55,11.43
1964.55,11.35
1965.55,11.43
1966.55,11.42
1967.55,11.46
1968.55,11.47
1969.55,11.45
1970.55,11.55
1971.55,11.49
1972.55,11.5
1973.55,11.42
1974.55,11.59
1975.55,11.57
1976.55,11.57
1977.55,11.63
1978.55,11.57
1979.55,11.58
1980.55,11.67
1981.55,11.69
1982.55,11.63
1983.55,11.64
1984.55,11.63
1985.55,11.76
1986.55,11.76
1987.55,11.79
1988.55,11.59
1989.55,11.61
1990.55,11.8
1991.55,11.79
1992.55,11.68
1993.55,11.79
1994.55,11.8
1995.55,11.89
1996.55,11.83
1997.55,11.87
1998.56,11.77
1999.56,11.84
2000.56,11.81
2001.56,11.86
2002.56,11.81
2003.56,11.87
2004.56,12.01
2005.56,11.97
2006.56,11.84
2007.56,11.81
2008.56,11.81
2009.56,11.87
2010.56,11.93
2011.56,11.98
2012.56,11.88
2013.56,11.94
2014.56,11.9
2015.56,11.94
2016.56,11.93
2017.56,11.97
2018.56,12.09
2019.56,11.89
2020.56,12.01
2021.56,12.01
2022.56,11.98
2023.56,11.97
2024.56,11.95
2025.56,11.94
2026.56,11.95
2027.56,11.97
2028.56,11.99
2029.56,12.1
2030.56,11.94
2031.56,11.97
2032.56,11.95
2033.56,12.02
2034.57,11.97
2035.57,11.94
2036.57,12.03
2037.57,11.94
2038.57,12.03
2039.57,12.03
2040.57,11.98
2041.57,12.05
2042.57,11.93
2043.57,11.96
2044.57,12.05
2045.57,12.02
2046.57,11.95
2047.57,11.98
2048.57,11.96
2049.57,12.05
2050.57,11.98
2051.57,11.93
2052.57,11.96
2053.57,11.89
2054.57,12.04
2055.57,11.99
2056.57,12.03
2057.57,11.96
2058.57,11.97
2059.57,12.0
2060.57,11.99
2061.57,11.93
2062.57,11.86
2063.57,11.98
2064.57,11.87
2065.57,11.97
2066.57,11.87
2067.57,11.83
2068.57,12.0
2069.57,11.87
2070.58,11.95
2071.58,11.84
2072.58,11.97
2073.58,11.84
2074.58,11.91
2075.58,11.89
2076.58,11.95
2077.58,11.84
2078.58,11.83
2079.58,11.92
2080.58,11.81
2081.58,11.82
2082.58,11.83
2083.58,11.84
2084.58,11.79
2085.58,11.82
2086.58,11.87
2087.58,11.82
2088.58,11.82
2089.58,11.8
2090.58,11.81
2091.58,11.8
2092.58,11.67
2093.58,11.77
2094.58,11.74
2095.58,11.73
2096.58,11.65
2097.58,11.73
2098.58,11.75
2099.58,11.7
2100.58,11.76
2101.58,11.66
2102.58,11.63
2103.58,11.63
2104.58,11.59
2105.58,11.62
2106.59,11.54
2107.59,11.54
2108.59,11.62
2109.59,11.61
2110.59,11.64
2111.59,11.57
2112.59,11.49
2113.59,11.45
2114.59,11.49
2115.59,11.42
2116.59,11.51
2117.59,11.44
2118.59,11.39
2119.59,11.41
2120.59,11.34
2121.59,11.37
2122.59,11.37
2123.59,11.4
2124.59,11.47
2125.59,11.28
2126.59,11.38
2127.59,11.33
2128.59,11.4
2129.59,11.27
2130.59,11.3
2131.59,11.28
2132.59,11.2
2133.59,11.24
2134.59,11.29
2135.59,11.18
2136.59,11.15
2137.59,11.12
2138.59,11.19
2139.59,11.09
2140.59,11.07
2141.59,11.1
2142.6,11.07
2143.6,11.08
2144.6,11.08
2145.6,10.94
2146.6,11.03
2147.6,10.98
2148.6,10.99
2149.6,10.97
2150.6,10.98
2151.6,10.92
2152.6,10.95
2153.6,10.85
2154.6,10.89
2155.6,10.8
2156.6,10.78
2157.6,10.85
2158.6,10.76
2159.6,10.71
2160.6,10.74
2161.6,10.72
2162.6,10.71
2163.6,10.81
2164.6,10.7
2165.6,10.72
2166.6,10.68
2167.6,10.62
2168.6,10.63
2169.6,10.59
2170.6,10.62
2171.6,10.53
2172.6,10.49
2173.6,10.46
2174.6,10.49
2175.6,10.46
2176.6,10.37
2177.6,10.49
2178.61,10.3
2179.61,10.41
2180.61,10.35
2181.61,10.32
2182.61,10.28
2183.61,10.33
2184.61,10.27
2185.61,10.33
2186.61,10.27
2187.61,10.17
2188.61,10.13
2189.61,10.1
2190.61,10.13
2191.61,10.13
2192.61,10.09
2193.61,10.08
2194.61,10.11
2195.61,10.1
2196.61,10.1
2197.61,10.01
2198.61,9.95
2199.61,9.98
2200.61,10.02
2201.61,9.95
2202.61,9.85
2203.61,9.84
2204.61,9.9
2205.61,9.88
2206.61,9.88
2207.61,9.87
2208.61,9.8
2209.61,9.83
2210.61,9.73
2211.61,9.73
2212.61,9.7
2213.61,9.71
2214.62,9.7
2215.62,9.64
2216.62,9.66
2217.62,9.62
2218.62,9.58
2219.62,9.53
2220.62,9.57
2221.62,9.52
2222.62,9.62
2223.62,9.53
2224.62,9.43
2225.62,9.5
2226.62,9.48
2227.62,9.41
2228.62,9.29
2229.62,9.41
2230.62,9.35
2231.62,9.39
2232.62,9.33
2233.62,9.24
2234.62,9.32
2235.62,9.31
2236.62,9.29
2237.62,9.18
2238.62,9.15
2239.62,9.2
2240.62,9.12
2241.62,9.18
2242.62,9.21
2243.62,9.08
2244.62,9.12
2245.62,9.07
2246.62,9.07
2247.62,9.15
2248.62,8.96
2249.62,9.05
2250.63,9.04
2251.63,8.91
2252.63,8.99
2253.63,9.01
2254.63,8.99
2255.63,8.94
2256.63,8.93
2257.63,8.93
2258.63,8.78
2259.63,8.78
2260.63,8.77
2261.63,8.82
2262.63,8.76
2263.63,8.84
2264.63,8.8
2265.63,8.73
2266.63,8.74
2267.63,8.74
2268.63,8.72
2269.63,8.64
2270.63,8.72
2271.63,8.64
2272.63,8.64
2273.63,8.55
2274.63,8.7
2275.63,8.61
2276.63,8.59
2277.63,8.5
2278.63,8.56
2279.63,8.53
2280.63,8.52
2281.63,8.44
2282.63,8.53
2283.63,8.5
2284.63,8.41
2285.63,8.5
2286.64,8.53
2287.64,8.39
2288.64,8.49
2289.64,8.46
2290.64,8.37
2291.64,8.4
2292.64,8.39
2293.64,8.39
2294.64,8.36
2295.64,8.35
2296.64,8.3
2297.64,8.28
2298.64,8.32
2299.64,8.23
2300.64,8.28
2301.64,8.29
2302.64,8.3
2303.64,8.33
2304.64,8.3
2305.64,8.24
2306.64,8.22
2307.64,8.2
2308.64,8.21
2309.64,8.24
2310.64,8.22
2311.64,8.2
2312.64,8.2
2313.64,8.19
2314.64,8.28
2315.64,8.09
2316.64,8.19
2317.64,8.2
2318.64,8.25
2319.64,8.11
2320.64,8.14
2321.64,8.13
2322.65,8.09
2323.65,8.15
2324.65,8.02
2325.65,8.05
2326.65,8.12
2327.65,8.11
2328.65,8.03
2329.65,7.97
2330.65,8.1
2331.65,8.05
2332.65,8.04
2333.65,7.95
2334.65,7.98
2335.65,8.08
2336.65,8.07
2337.65,8.0
2338.65,8.08
2339.65,7.99
2340.65,7.97
2341.65,8.04
2342.65,7.94
2343.65,8.06
2344.65,8.04
2345.65,7.97
2346.65,8.05
2347.65,8.09
2348.65,8.04
2349.65,8.02
2350.65,8.01
2351.65,8.0
2352.65,7.95
2353.65,8.06
2354.65,7.99
2355.65,7.97
2356.65,8.15
2357.65,8.01
2358.66,7.96
2359.66,7.98
2360.66,8.01
2361.66,8.04
2362.66,8.06
2363.66,7.95
2364.66,8.04
2365.66,8.01
2366.66,8.08
2367.66,7.99
2368.66,8.07
2369.66,8.09
2370.66,7.96
2371.66,8.01
2372.66,8.0
2373.66,8.1
2374.66,7.93
2375.66,8.04
2376.66,8.02
2377.66,8.0
2378.66,8.1
2379.66,8.05
2380.66,8.1
2381.66,7.96
2382.66,8.1
2383.66,8.1
2384.66,8.03
2385.66,8.17
2386.66,8.07
2387.66,8.03
2388.66,8.12
2389.66,8.1
2390.66,8.12
2391.66,8.1
2392.66,8.13
2393.66,8.08
2394.67,8.17
2395.67,8.21
2396.67,8.14
2397.67,8.13
2398.67,8.14
2399.67,8.17
2400.67,8.32
2401.67,8.2
2402.67,8.25
2403.67,8.25
2404.67,8.21
2405.67,8.24
2406.67,8.33
2407.67,8.27
2408.67,8.23
2409.67,8.29
2410.67,8.29
2411.67,8.29
2412.67,8.26
2413.67,8.28
2414.67,8.34
2415.67,8.37
2416.67,8.41
2417.67,8.42
2418.67,8.4
2419.67,8.41
2420.67,8.35
2421.67,8.35
2422.67,8.33
2423.67,8.37
2424.67,8.5
2425.67,8.5
2426.67,8.45
2427.67,8.41
2428.67,8.57
2429.67,8.61
2430.68,8.56
2431.68,8.51
2432.68,8.55
2433.68,8.59
2434.68,8.61
2435.68,8.6
2436.68,8.68
2437.68,8.64
2438.68,8.65
2439.68,8.74
2440.68,8.68
2441.68,8.68
2442.68,8.62
2443.68,8.68
2444.68,8.78
2445.68,8.75
2446.68,8.71
2447.68,8.75
2448.68,8.85
2449.68,8.81
2450.68,8.8
2451.68,8.84
2452.68,8.92
2453.68,8.95
2454.68,8.9
2455.68,8.92
2456.68,8.89
2457.68,9.01
2458.68,8.87
2459.68,9.04
2460.68,9.04
2461.68,9.03
2462.68,9.04
2463.68,8.98
2464.68,9.04
2465.68,9.08
2466.69,9.1
2467.69,9.09
2468.69,9.1
2469.69,9.12
2470.69,9.19
2471.69,9.14
2472.69,9.24
2473.69,9.2
2474.69,9.22
2475.69,9.22
2476.69,9.27
2477.69,9.3
2478.69,9.33
2479.69,9.32
2480.69,9.41
2481.69,9.32
2482.69,9.37
2483.69,9.33
2484.69,9.4
2485.69,9.58
2486.69,9.48
2487.69,9.38
2488.69,9.53
2489.69,9.47
2490.69,9.53
2491.69,9.47
2492.69,9.58
2493.69,9.7
2494.69,9.52
2495.69,9.69
2496.69,9.66
2497.69,9.71
2498.69,9.7
2499.69,9.75
2500.69,9.76
2501.69,9.69
2502.7,9.73
2503.7,9.92
2504.7,9.79
2505.7,9.86
2506.7,9.86
2507.7,9.89
2508.7,9.94
2509.7,9.89
2510.7,9.89
2511.7,10.03
2512.7,9.96
2513.7,9.99
2514.7,10.11
2515.7,10.16
2516.7,10.1
2517.7,10.1
2518.7,10.12
2519.7,10.17
2520.7,10.22
2521.7,10.18
2522.7,10.17
2523.7,10.12
2524.7,10.26
2525.7,10.28
2526.7,10.26
2527.7,10.25
2528.7,10.3
2529.7,10.31
2530.7,10.32
2531.7,10.36
2532.7,10.44
2533.7,10.32
2534.7,10.35
2535.7,10.46
2536.7,10.55
2537.7,10.46
2538.71,10.39
2539.71,10.5
2540.71,10.56
2541.71,10.51
2542.71,10.53
2543.71,10.57
2544.71,10.67
2545.71,10.72
2546.71,10.6
2547.71,10.64
2548.71,10.7
2549.71,10.72
2550.71,10.69
2551.71,10.71
2552.71,10.67
2553.71,10.78
2554.71,10.86
2555.71,10.89
2556.71,10.76
2557.71,10.93
2558.71,10.85
2559.71,10.93
2560.71,10.84
2561.71,10.88
2562.71,10.91
2563.71,11.03
2564.71,11.1
2565.71,11.01
2566.71,11.03
2567.71,11.01
2568.71,11.08
2569.71,11.06
2570.71,11.08
2571.71,11.15
2572.71,11.2
2573.71,11.1
2574.72,11.06
2575.72,11.14
2576.72,11.25
2577.72,11.23
2578.72,11.24
2579.72,11.23
2580.72,11.26
2581.72,11.27
2582.72,11.2
2583.72,11.28
2584.72,11.25
2585.72,11.37
2586.72,11.27
2587.72,11.38
2588.72,11.41
2589.72,11.35
2590.72,11.35
2591.72,11.33
2592.72,11.48
2593.72,11.46
2594.72,11.45
2595.72,11.44
2596.72,11.57
2597.72,11.55
2598.72,11.48
2599.72,11.5
2600.72,11.54
2601.72,11.56
2602.72,11.55
2603.72,11.58
2604.72,11.56
2605.72,11.64
2606.72,11.49
2607.72,11.61
2608.72,11.59
2609.72,11.69
2610.73,11.73
2611.73,11.68
2612.73,11.57
2613.73,11.73
2614.73,11.71
2615.73,11.63
2616.73,11.82
2617.73,11.69
2618.73,11.74
2619.73,11.72
2620.73,11.78
2621.73,11.69
2622.73,11.8
2623.73,11.84
2624.73,11.73
2625.73,11.86
2626.73,11.86
2627.73,11.85
2628.73,11.89
2629.73,11.86
2630.73,11.89
2631.73,11.8
2632.73,11.89
2633.73,11.77
2634.73,11.87
2635.73,11.84
2636.73,11.9
2637.73,11.84
2638.73,11.87
2639.73,11.92
2640.73,11.94
2641.73,11.87
2642.73,11.96
2643.73,11.86
2644.73,11.96
2645.73,11.89
2646.74,11.85
2647.74,11.93
2648.74,11.98
2649.74,11.94
2650.74,11.85
2651.74,12.03
2652.74,11.92
2653.74,12.04
2654.74,12.06
2655.74,11.95
2656.74,12.06
2657.74,12.07
2658.74,12.04
2659.74,12.01
2660.74,12.05
2661.74,12.02
2662.74,12.06
2663.74,11.98
2664.74,11.97
2665.74,11.9
2666.74,12.05
2667.74,12.04
2668.74,11.9
2669.74,11.99
2670.74,12.06
2671.74,12.0
2672.74,11.95
2673.74,12.07
2674.74,12.01
2675.74,11.99
2676.74,12.04
2677.74,11.98
2678.74,12.02
2679.74,11.89
2680.74,11.93
2681.74,12.03
2682.75,11.99
2683.75,11.99
2684.75,11.8
2685.75,11.91
2686.75,12.0
2687.75,11.97
2688.75,11.99
2689.75,11.93
2690.75,11.9
2691.75,12.03
2692.75,11.97
2693.75,11.87
2694.75,11.87
2695.75,11.89
2696.75,11.96
2697.75,11.88
2698.75,11.91
2699.75,11.93
2700.75,11.93
2701.75,11.85
2702.75,11.79
2703.75,11.91
2704.75,11.91
2705.75,11.92
2706.75,11.92
2707.75,11.87
2708.75,11.82
2709.75,11.82
2710.75,11.89
2711.75,11.79
2712.75,11.73
2713.75,11.89
2714.75,11.74
2715.75,11.76
2716.75,11.86
2717.75,11.79
2718.76,11.73
2719.76,11.66
2720.76,11.75
2721.76,11.69
2722.76,11.74
2723.76,11.68
2724.76,11.71
2725.76,11.63
2726.76,11.7
2727.76,11.72
2728.76,11.73
2729.76,11.62
2730.76,11.72
2731.76,11.55
2732.76,11.58
2733.76,11.55
2734.76,11.62
2735.76,11.7
2736.76,11.51
2737.76,11.52
2738.76,11.57
2739.76,11.58
2740.76,11.51
2741.76,11.48
2742.76,11.53
2743.76,11.53
2744.76,11.52
2745.76,11.42
2746.76,11.4
2747.76,11.43
2748.76,11.39
2749.76,11.44
2750.76,11.41
2751.76,11.41
2752.76,11.25
2753.76,11.37
2754.77,11.29
2755.77,11.3
2756.77,11.29
2757.77,11.31
2758.77,11.3
2759.77,11.27
2760.77,11.32
2761.77,11.21
2762.77,11.22
2763.77,11.23
2764.77,11.09
2765.77,11.32
2766.77,11.14
2767.77,11.11
2768.77,11.18
2769.77,11.14
2770.77,11.08
2771.77,11.01
2772.77,11.02
2773.77,11.01
2774.77,10.96
2775.77,10.95
2776.77,10.95
2777.77,10.99
2778.77,10.98
2779.77,10.93
2780.77,10.91
2781.77,10.89
2782.77,10.87
2783.77,10.82
2784.77,10.78
2785.77,10.82
2786.77,10.73
2787.77,10.89
2788.77,10.75
2789.77,10.72
2790.78,10.77
2791.78,10.78
2792.78,10.68
2793.78,10.61
2794.78,10.64
2795.78,10.53
2796.78,10.61
2797.78,10.57
2798.78,10.71
2799.78,10.52
2800.78,10.6
2801.78,10.57
2802.78,10.47
2803.78,10.41
2804.78,10.48
2805.78,10.4
2806.78,10.44
2807.78,10.36
2808.78,10.37
2809.78,10.39
2810.78,10.32
2811.78,10.35
2812.78,10.27
2813.78,10.26
2814.78,10.31
2815.78,10.25
2816.78,10.21
2817.78,10.13
2818.78,10.25
2819.78,10.13
2820.78,10.14
2821.78,10.11
2822.78,10.02
2823.78,10.17
2824.78,10.07
2825.78,10.11
2826.79,10.01
2827.79,9.97
2828.79,9.95
2829.79,9.92
2830.79,9.91
2831.79,9.91
2832.79,9.91
2833.79,9.91
2834.79,9.87
2835.79,9.84
2836.79,9.8
2837.79,9.73
2838.79,9.8
2839.79,9.7
2840.79,9.78
2841.79,9.71
2842.79,9.62
2843.79,9.67
2844.79,9.58
2845.79,9.63
2846.79,9.68
2847.79,9.57
2848.79,9.66
2849.79,9.5
2850.79,9.48
2851.79,9.53
2852.79,9.39
2853.79,9.58
2854.79,9.42
2855.79,9.54
2856.79,9.43
2857.79,9.4
2858.79,9.34
2859.79,9.36
2860.79,9.4
2861.79,9.24
2862.8,9.35
2863.8,9.33
2864.8,9.3
2865.8,9.27
2866.8,9.24
2867.8,9.14
2868.8,9.21
2869.8,9.15
2870.8,9.19
2871.8,9.08
2872.8,9.13
2873.8,9.11
2874.8,9.11
2875.8,9.09
2876.8,9.03
2877.8,9.02
2878.8,8.87
2879.8,9.02
2880.8,9.05
2881.8,8.91
2882.8,9.0
2883.8,8.97
2884.8,8.96
2885.8,8.88
2886.8,8.94
2887.8,8.86
2888.8,8.88
2889.8,8.77
2890.8,8.8
2891.8,8.72
2892.8,8.86
2893.8,8.81
2894.8,8.8
2895.8,8.69
2896.8,8.66
2897.8,8.68
2898.81,8.7
2899.81,8.75
2900.81,8.66
2901.81,8.68
2902.81,8.71
2903.81,8.62
2904.81,8.73
2905.81,8.64
2906.81,8.54
2907.81,8.67
2908.81,8.54
2909.81,8.59
2910.81,8.48
2911.81,8.51
2912.81,8.4
2913.81,8.49
2914.81,8.51
2915.81,8.49
2916.81,8.45
2917.81,8.37
2918.81,8.41
2919.81,8.38
2920.81,8.39
2921.81,8.41
2922.81,8.4
2923.81,8.36
2924.81,8.25
2925.81,8.36
2926.81,8.33
2927.81,8.33
2928.81,8.28
2929.81,8.34
2930.81,8.25
2931.81,8.37
2932.81,8.25
2933.81,8.26
2934.82,8.28
2935.82,8.22
2936.82,8.23
2937.82,8.17
2938.82,8.24
2939.82,8.26
2940.82,8.23
2941.82,8.13
2942.82,8.14
2943.82,8.14
2944.82,8.21
2945.82,8.13
2946.82,8.06
2947.82,8.06
2948.82,8.1
2949.82,8.11
2950.82,8.12
2951.82,8.11
2952.82,8.17
2953.82,8.06
2954.82,8.09
2955.82,8.04
2956.82,8.07
2957.82,8.02
2958.82,8.12
2959.82,7.99
2960.82,8.03
2961.82,7.92
2962.82,7.91
2963.82,8.08
2964.82,8.08
2965.82,8.05
2966.82,8.0
2967.82,7.94
2968.82,8.01
2969.82,7.93
2970.83,7.96
2971.83,8.04
2972.83,8.03
2973.83,8.08
2974.83,8.04
2975.83,7.98
2976.83,8.07
2977.83,8.0
2978.83,7.97
2979.83,8.02
2980.83,7.95
2981.83,8.0
2982.83,7.99
2983.83,7.99
2984.83,7.95
2985.83,8.09
2986.83,8.04
2987.83,7.99
2988.83,8.04
2989.83,8.08
2990.83,7.91
2991.83,8.05
2992.83,7.99
2993.83,8.05
2994.83,8.01
2995.83,8.05
2996.83,8.0
2997.83,7.97
2998.83,8.04
2999.83,7.98
3000.83,7.98
3001.83,8.07
3002.83,7.99
3003.83,8.06
3004.83,8.11
3005.83,7.97
3006.84,8.05
3007.84,8.15
3008.84,8.13
3009.84,8.15
3010.84,8.03
3011.84,8.05
3012.84,8.01
3013.84,8.1
3014.84,8.15
3015.84,8.09
3016.84,8.13
3017.84,8.12
3018.84,8.11
3019.84,8.12
3020.84,8.11
3021.84,8.17
3022.84,8.09
3023.84,8.23
3024.84,8.17
3025.84,8.12
3026.84,8.18
3027.84,8.21
3028.84,8.19
3029.84,8.22
3030.84,8.18
3031.84,8.22
3032.84,8.29
3033.84,8.3
3034.84,8.22
3035.84,8.27
3036.84,8.26
3037.84,8.27
3038.84,8.29
3039.84,8.34
3040.84,8.34
3041.84,8.35
3042.85,8.27
3043.85,8.31
3044.85,8.25
3045.85,8.32
3046.85,8.36
3047.85,8.41
3048.85,8.54
3049.85,8.38
3050.85,8.41
3051.85,8.44
3052.85,8.55
3053.85,8.38
3054.85,8.51
3055.85,8.42
3056.85,8.5
3057.85,8.48
3058.85,8.5
3059.85,8.44
3060.85,8.53
3061.85,8.65
3062.85,8.54
3063.85,8.54
3064.85,8.51
3065.85,8.58
3066.85,8.65
3067.85,8.75
3068.85,8.66
3069.85,8.65
3070.85,8.68
3071.85,8.73
3072.85,8.71
3073.85,8.75
3074.85,8.75
3075.85,8.8
3076.85,8.77
3077.85,8.78
3078.86,8.88
3079.86,8.87
3080.86,8.91
3081.86,8.82
3082.86,8.87
3083.86,8.86
3084.86,8.85
3085.86,8.92
3086.86,8.93
3087.86,8.99
3088.86,9.0
3089.86,9.05
3090.86,8.98
3091.86,9.02
3092.86,9.0
3093.86,9.12
3094.86,9.16
3095.86,9.11
3096.86,9.17
3097.86,9.15
3098.86,9.17
3099.86,9.18
3100.86,9.18
3101.86,9.1
3102.86,9.3
3103.86,9.29
3104.86,9.33
3105.86,9.33
3106.86,9.37
3107.86,9.38
3108.86,9.43
3109.86,9.3
3110.86,9.41
3111.86,9.38
3112.86,9.36
3113.86,9.4
3114.87,9.48
3115.87,9.43
3116.87,9.58
3117.87,9.57
3118.87,9.58
3119.87,9.58
3120.87,9.61
3121.87,9.57
3122.87,9.72
3123.87,9.72
3124.87,9.78
3125.87,9.69
3126.87,9.64
3127.87,9.69
3128.87,9.76
3129.87,9.8
3130.87,9.77
3131.87,9.81
3132.87,9.79
3133.87,9.82
3134.87,9.88
3135.87,9.87
3136.87,9.93
3137.87,9.97
3138.87,9.91
3139.87,10.01
3140.87,10.02
3141.87,10.06
3142.87,10.1
3143.87,9.99
3144.87,10.06
3145.87,10.12
3146.87,10.09
3147.87,10.18
3148.87,10.1
3149.87,10.13
3150.88,10.15
3151.88,10.18
3152.88,10.25
3153.88,10.18
3154.88,10.23
3155.88,10.25
3156.88,10.31
3157.88,10.32
3158.88,10.38
3159.88,10.34
3160.88,10.37
3161.88,10.33
3162.88,10.41
3163.88,10.5
3164.88,10.46
3165.88,10.46
3166.88,10.42
3167.88,10.53
3168.88,10.56
3169.88,10.48
3170.88,10.64
3171.88,10.61
3172.88,10.62
3173.88,10.59
3174.88,10.65
3175.88,10.68
3176.88,10.59
3177.88,10.67
3178.88,10.75
3179.88,10.82
3180.88,10.85
3181.88,10.81
3182.88,10.79
3183.88,10.68
3184.88,10.79
3185.88,10.89
3186.89,10.82
3187.89,10.97
3188.89,10.83
3189.89,10.96
3190.89,10.95
3191.89,10.93
3192.89,10.97
3193.89,11.09
3194.89,11.06
3195.89,10.99
3196.89,11.06
3197.89,11.14
3198.89,11.06
3199.89,11.02
3200.89,11.09
3201.89,11.1
3202.89,11.2
3203.89,11.08
3204.89,11.2
3205.89,11.24
3206.89,11.19
3207.89,11.21
3208.89,11.23
3209.89,11.31
3210.89,11.22
3211.89,11.32
3212.89,11.31
3213.89,11.33
3214.89,11.28
3215.89,11.37
3216.89,11.32
3217.89,11.34
3218.89,11.39
3219.89,11.52
3220.89,11.36
3221.89,11.43
3222.9,11.47
3223.9,11.44
3224.9,11.54
3225.9,11.48
3226.9,11.52
3227.9,11.56
3228.9,11.54
3229.9,11.57
3230.9,11.54
3231.9,11.58
3232.9,11.57
3233.9,11.59
3234.9,11.55
3235.9,11.72
3236.9,11.63
3237.9,11.65
3238.9,11.62
3239.9,11.69
3240.9,11.73
3241.9,11.71
3242.9,11.69
3243.9,11.72
3244.9,11.75
3245.9,11.71
3246.9,11.7
3247.9,11.69
3248.9,11.78
3249.9,11.71
3250.9,11.75
3251.9,11.84
3252.9,11.82
3253.9,11.74
3254.9,11.84
3255.9,11.92
3256.9,11.83
3257.9,11.92
3258.91,11.82
3259.91,11.92
3260.91,11.82
3261.91,11.79
3262.91,11.92
3263.91,11.97
3264.91,11.95
3265.91,11.99
3266.91,11.89
3267.91,11.91
3268.91,11.91
3269.91,11.94
3270.91,11.94
3271.91,11.96
3272.91,11.9
3273.91,11.97
3274.91,11.93
3275.91,12.03
3276.91,11.95
3277.91,11.94
3278.91,11.92
3279.91,11.96
3280.91,12.05
3281.91,12.03
3282.91,11.97
3283.91,11.97
3284.91,11.96
3285.91,11.99
3286.91,12.0
3287.91,11.96
3288.91,11.99
3289.91,11.95
3290.91,11.96
3291.91,11.88
3292.91,12.02
3293.91,12.03
3294.92,11.93
3295.92,12.03
3296.92,12.0
3297.92,12.04
3298.92,11.94
3299.92,12.03
3300.92,11.98
3301.92,12.08
3302.92,12.02
3303.92,12.06
3304.92,11.96
3305.92,11.94
3306.92,12.05
3307.92,11.95
3308.92,12.05
3309.92,11.98
3310.92,12.02
3311.92,12.05
3312.92,11.9
3313.92,12.0
3314.92,12.0
3315.92,11.97
3316.92,11.97
3317.92,11.96
3318.92,11.92
3319.92,11.91
3320.92,12.0
3321.92,11.99
3322.92,12.01
3323.92,11.81
3324.92,11.94
3325.92,11.94
3326.92,11.94
3327.92,11.86
3328.92,11.94
3329.92,11.9
3330.93,11.91
3331.93,11.87
3332.93,11.83
3333.93,11.92
3334.93,11.85
3335.93,11.87
3336.93,11.81
3337.93,11.79
3338.93,11.8
3339.93,11.84
3340.93,11.82
3341.93,11.8
3342.93,11.9
3343.93,11.8
3344.93,11.79
3345.93,11.83
3346.93,11.73
3347.93,11.76
3348.93,11.81
3349.93,11.68
3350.93,11.77
3351.93,11.73
3352.93,11.67
3353.93,11.75
3354.93,11.6
3355.93,11.63
3356.93,11.6
3357.93,11.7
3358.93,11.69
3359.93,11.51
3360.93,11.67
3361.93,11.66
3362.93,11.52
3363.93,11.58
3364.93,11.55
3365.93,11.56
3366.94,11.56
3367.94,11.5
3368.94,11.62
3369.94,11.5
3370.94,11.45
3371.94,11.5
3372.94,11.52
3373.94,11.46
3374.94,11.54
3375.94,11.45
3376.94,11.4
3377.94,11.42
3378.94,11.36
3379.94,11.41
3380.94,11.35
3381.94,11.35
3382.94,11.43
3383.94,11.34
3384.94,11.39
3385.94,11.32
3386.94,11.25
3387.94,11.25
3388.94,11.26
3389.94,11.25
3390.94,11.19
3391.94,11.12
3392.94,11.2
3393.94,11.17
3394.94,11.15
3395.94,11.1
3396.94,11.11
3397.94,11.03
3398.94,11.08
3399.94,10.99
3400.94,11.04
3401.94,10.97
3402.95,10.95
3403.95,10.91
3404.95,10.87
3405.95,10.97
3406.95,10.95
3407.95,10.89
3408.95,10.9
3409.95,10.85
3410.95,10.84
3411.95,10.88
3412.95,10.85
3413.95,10.7
3414.95,10.77
3415.95,10.76
3416.95,10.72
3417.95,10.72
3418.95,10.72
3419.95,10.66
3420.95,10.65
3421.95,10.65
3422.95,10.64
3423.95,10.58
3424.95,10.54
3425.95,10.57
3426.95,10.56
3427.95,10.54
3428.95,10.68
3429.95,10.47
3430.95,10.53
3431.95,10.43
3432.95,10.48
3433.95,10.5
3434.95,10.39
3435.95,10.37
3436.95,10.35
3437.95,10.44
3438.96,10.29
3439.96,10.29
3440.96,10.17
3441.96,10.29
3442.96,10.17
3443.96,10.19
3444.96,10.19
3445.96,10.21
3446.96,10.14
3447.96,10.18
3448.96,10.2
3449.96,10.16
3450.96,10.07
3451.96,10.1
3452.96,10.08
3453.96,10.09
3454.96,10.01
3455.96,10.04
3456.96,9.99
3457.96,9.93
3458.96,9.89
3459.96,10.04
3460.96,9.92
3461.96,9.87
3462.96,9.9
3463.96,9.89
3464.96,9.83
3465.96,9.82
3466.96,9.77
3467.96,9.75
3468.96,9.71
3469.96,9.67
3470.96,9.77
3471.96,9.69
3472.96,9.63
3473.96,9.62
3474.97,9.62
3475.97,9.64
3476.97,9.61
3477.97,9.56
3478.97,9.54
3479.97,9.57
3480.97,9.57
3481.97,9.43
3482.97,9.39
3483.97,9.4
3484.97,9.54
3485.97,9.4
3486.97,9.49
3487.97,9.33
3488.97,9.23
3489.97,9.27
3490.97,9.35
3491.97,9.23
3492.97,9.28
3493.97,9.29
3494.97,9.2
3495.97,9.24
3496.97,9.21
3497.97,9.22
3498.97,9.19
3499.97,9.16
3500.97,9.18
3501.97,9.12
3502.97,9.14
3503.97,9.0
3504.97,9.11
3505.97,9.01
3506.97,8.96
3507.97,9.01
3508.97,9.01
3509.97,9.05
3510.98,8.93
3511.98,8.94
3512.98,8.84
3513.98,8.98
3514.98,8.81
3515.98,8.83
3516.98,8.83
3517.98,8.79
3518.98,8.77
3519.98,8.79
3520.98,8.74
3521.98,8.76
3522.98,8.79
3523.98,8.72
3524.98,8.73
3525.98,8.75
3526.98,8.66
3527.98,8.65
3528.98,8.65
3529.98,8.64
3530.98,8.68
3531.98,8.68
3532.98,8.61
3533.98,8.62
3534.98,8.6
3535.98,8.53
3536.98,8.59
3537.98,8.57
3538.98,8.56
3539.98,8.55
3540.98,8.53
3541.98,8.55
3542.98,8.47
3543.98,8.45
3544.98,8.38
3545.98,8.48
3546.99,8.38
3547.99,8.44
3548.99,8.48
3549.99,8.38
3550.99,8.33
3551.99,8.35
3552.99,8.38
3553.99,8.38
3554.99,8.37
3555.99,8.33
3556.99,8.25
3557.99,8.25
3558.99,8.3
3559.99,8.29
3560.99,8.17
3561.99,8.27
3562.99,8.28
3563.99,8.23
3564.99,8.28
3565.99,8.25
3566.99,8.18
3567.99,8.16
3568.99,8.13
3569.99,8.16
3570.99,8.16
3571.99,8.15
3572.99,8.12
3573.99,8.15
3574.99,8.13
3575.99,8.1
3576.99,8.17
3577.99,8.02
3578.99,8.13
3579.99,8.18
3580.99,8.0
3581.99,8.07
3583.0,8.07
3584.0,7.99
3585.0,8.13
3586.0,8.09
3587.0,8.16
3588.0,8.12
3589.0,8.01
3590.0,8.05
3591.0,8.16
3592.0,7.97
3593.0,8.0
3594.0,8.0
3595.0,8.18
3596.0,7.98
3597.0,8.01
3598.0,8.06
3599.0,8.09
3600.0,7.94
